
-- 기존 테이블 삭제 

DROP TABLE BOOK;
DROP TABLE TRANS_INFO;
DROP TABLE TRANS;
DROP TABLE LOCATION_INFO;
DROP TABLE USER_INFO;
--기존 시퀀스 삭제
DROP SEQUENCE book_seq;
DROP SEQUENCE trans_seq;
-- create table
CREATE TABLE USER_INFO(
                USER_ID VARCHAR2(20) PRIMARY KEY,
                USER_PW VARCHAR2(20) NOT NULL,
                USER_NAME VARCHAR2(20),
                USER_BIRTH VARCHAR2(20),
                USER_PHONE VARCHAR2(20),
                USER_EMAIL VARCHAR2(20));
CREATE TABLE LOCATION_INFO(
                LOC_NUM VARCHAR2(20) PRIMARY KEY,
                LOC_NAME VARCHAR2(20) NOT NULL);
CREATE TABLE TRANS(
                TRANS_CODE VARCHAR2(20) PRIMARY KEY,
                TRANS_TYPE VARCHAR2(20));
CREATE TABLE TRANS_INFO(
                TRANS_SERV_NUM VARCHAR2(20) PRIMARY KEY, 
                TRANS_TYPE VARCHAR2(20),
                TRANS_NUM VARCHAR2(20),
                TRANS_DEP_LOC VARCHAR2(20),
                TRANS_DEST_LOC VARCHAR2(20),
                TRANS_DEP_TIME VARCHAR2(20),
                TRANS_ARR_TIME VARCHAR2(20),
                TRANS_GRADE VARCHAR2(20),
                TRANS_SEAT NUMBER(10),
                TRANS_FARE NUMBER(10),
                CONSTRAINT trans_transtype_fk FOREIGN KEY ("TRANS_TYPE")
                REFERENCES TRANS ("TRANS_CODE"));

                
CREATE TABLE BOOK(
                BOOK_NUM VARCHAR2(20) PRIMARY KEY,
                USER_ID VARCHAR2(20),
                DEP_LOC_NUM VARCHAR2(20),
                ARR_LOC_NUM VARCHAR2(20),
                SERV_NUM VARCHAR2(20),
                DEP_TIME VARCHAR2(20),
                ARR_TIME VARCHAR2(20),
                BOOK_NOM NUMBER(20),
                BOOK_FARE NUMBER(20),
                BOOK_DATE DATE,
                CONSTRAINT book_userid_fk FOREIGN KEY ("USER_ID")
                REFERENCES USER_INFO("USER_ID"),
                CONSTRAINT book_deplocbum_fk FOREIGN KEY ("DEP_LOC_NUM")
                REFERENCES LOCATION_INFO ("LOC_NUM"),
                CONSTRAINT book_arrlocnum_fk FOREIGN KEY ("ARR_LOC_NUM")
                REFERENCES LOCATION_INFO ("LOC_NUM"),
                CONSTRAINT book_transservnum_fk FOREIGN KEY ("SERV_NUM")
                REFERENCES TRANS_INFO ("TRANS_SERV_NUM"));
-- 시퀀스 생성
CREATE SEQUENCE book_seq
START WITH 1
INCREMENT BY 1
MAXVALUE 100000 ;

CREATE SEQUENCE trans_seq
START WITH 1
INCREMENT BY 1
MAXVALUE 100000 ;

-- insert

-- 유저 테이블 더미 데이터 삽입 
INSERT INTO USER_INFO
VALUES('test1','1111','김철수','1995/04/17','010-1111-1111','TEST1@TEST.MAIL');
INSERT INTO USER_INFO
VALUES('test2','1111','홍길동','1995/12/12','010-2222-2222','TEST2@TEST.MAIL');
INSERT INTO USER_INFO
VALUES('test3','1111','김예시','1995/12/17','010-3333-3333','TEST3@TEST.MAIL');

-- 지역 테이블 삽입
INSERT INTO LOCATION_INFO
VALUES('L1','서울');
INSERT INTO LOCATION_INFO
VALUES('L2','부산');
INSERT INTO LOCATION_INFO
VALUES('L3','대구');
INSERT INTO LOCATION_INFO
VALUES('L4','인천');
INSERT INTO LOCATION_INFO
VALUES('L5','광주');
INSERT INTO LOCATION_INFO
VALUES('L6','대전');
INSERT INTO LOCATION_INFO
VALUES('L7','울산');

-- 교통종류 테이블 삽입 
INSERT INTO TRANS
VALUES('Trans1','버스');
INSERT INTO TRANS
VALUES('Trans2','기차');

                         
-- 버스 운행 테이블
-- 서울->부산
INSERT INTO TRANS_INFO
VALUES(TRANS_SEQ.nextval,'Trans1','t121','L1','L2','2020/01/20 10:30:00','2020/01/20 14:30:00','프리미엄',21,42800);
INSERT INTO TRANS_INFO
VALUES(TRANS_SEQ.nextval,'Trans1','t122','L1','L2','2020/01/20 10:30:00','2020/01/20 14:30:00','우등',28,36000);
INSERT INTO TRANS_INFO
VALUES(TRANS_SEQ.nextval,'Trans1','t123','L1','L2','2020/01/20 10:30:00','2020/01/20 14:30:00','일반',45,24200);

INSERT INTO TRANS_INFO
VALUES(TRANS_SEQ.nextval,'Trans1','t124','L1','L2','2020/01/20 12:00:00','2020/01/20 16:00:00','프리미엄',21,42800);
INSERT INTO TRANS_INFO
VALUES(TRANS_SEQ.nextval,'Trans1','t125','L1','L2','2020/01/20 12:00:00','2020/01/20 16:00:00','우등',28,36000);
INSERT INTO TRANS_INFO
VALUES(TRANS_SEQ.nextval,'Trans1','t126','L1','L2','2020/01/20 12:00:00','2020/01/20 16:00:00','일반',45,24200);

INSERT INTO TRANS_INFO
VALUES(TRANS_SEQ.nextval,'Trans1','t127','L1','L2','2020/01/20 18:00:00','2020/01/20 22:00:00','프리미엄',21,42800);
INSERT INTO TRANS_INFO
VALUES(TRANS_SEQ.nextval,'Trans1','t128','L1','L2','2020/01/20 18:00:00','2020/01/20 22:00:00','우등',28,36000);
INSERT INTO TRANS_INFO
VALUES(TRANS_SEQ.nextval,'Trans1','t129','L1','L2','2020/01/20 18:00:00','2020/01/20 22:00:00','일반',45,24200);

-- 2020/01/21
INSERT INTO TRANS_INFO
VALUES(TRANS_SEQ.nextval,'Trans1','t123','L1','L2','2020/01/21 10:30:00','2020/01/21 14:30:00','프리미엄',21,42800);
INSERT INTO TRANS_INFO
VALUES(TRANS_SEQ.nextval,'Trans1','t122','L1','L2','2020/01/21 10:30:00','2020/01/21 14:30:00','우등',28,36000);
INSERT INTO TRANS_INFO
VALUES(TRANS_SEQ.nextval,'Trans1','t123','L1','L2','2020/01/21 10:30:00','2020/01/21 14:30:00','일반',45,24200);

INSERT INTO TRANS_INFO
VALUES(TRANS_SEQ.nextval,'Trans1','t124','L1','L2','2020/01/21 12:00:00','2020/01/21 16:00:00','프리미엄',21,42800);
INSERT INTO TRANS_INFO
VALUES(TRANS_SEQ.nextval,'Trans1','t125','L1','L2','2020/01/21 12:00:00','2020/01/21 16:00:00','우등',28,36000);
INSERT INTO TRANS_INFO
VALUES(TRANS_SEQ.nextval,'Trans1','t126','L1','L2','2020/01/21 12:00:00','2020/01/21 16:00:00','일반',45,24200);

INSERT INTO TRANS_INFO
VALUES(TRANS_SEQ.nextval,'Trans1','t127','L1','L2','2020/01/21 18:00:00','2020/01/21 22:00:00','프리미엄',21,42800);
INSERT INTO TRANS_INFO
VALUES(TRANS_SEQ.nextval,'Trans1','t128','L1','L2','2020/01/21 18:00:00','2020/01/21 22:00:00','우등',28,36000);
INSERT INTO TRANS_INFO
VALUES(TRANS_SEQ.nextval,'Trans1','t129','L1','L2','2020/01/21 18:00:00','2020/01/21 22:00:00','일반',45,24200);

-- 서울->대구
-- 2020/01/20
INSERT INTO TRANS_INFO
VALUES(TRANS_SEQ.nextval,'Trans1','t131','L1','L3','2020/01/20 10:30:00','2020/01/20 14:00:00','프리미엄',21,30000);
INSERT INTO TRANS_INFO
VALUES(TRANS_SEQ.nextval,'Trans1','t132','L1','L3','2020/01/20 10:30:00','2020/01/20 14:00:00','우등',28,27200);
INSERT INTO TRANS_INFO
VALUES(TRANS_SEQ.nextval,'Trans1','t133','L1','L3','2020/01/20 10:30:00','2020/01/20 14:00:00','일반',45,18400);

INSERT INTO TRANS_INFO
VALUES(TRANS_SEQ.nextval,'Trans1','t134','L1','L3','2020/01/20 12:00:00','2020/01/20 15:30:00','프리미엄',21,30000);
INSERT INTO TRANS_INFO
VALUES(TRANS_SEQ.nextval,'Trans1','t135','L1','L3','2020/01/20 12:00:00','2020/01/20 15:30:00','우등',28,27200);
INSERT INTO TRANS_INFO
VALUES(TRANS_SEQ.nextval,'Trans1','t136','L1','L3','2020/01/20 12:00:00','2020/01/20 15:30:00','우등',45,18400);

INSERT INTO TRANS_INFO
VALUES(TRANS_SEQ.nextval,'Trans1','t137','L1','L3','2020/01/20 18:30:00','2020/01/20 22:00:00','프리미엄',21,30000);
INSERT INTO TRANS_INFO
VALUES(TRANS_SEQ.nextval,'Trans1','t138','L1','L3','2020/01/20 18:30:00','2020/01/20 22:00:00','일반',28,27200);
INSERT INTO TRANS_INFO
VALUES(TRANS_SEQ.nextval,'Trans1','t139','L1','L3','2020/01/20 18:30:00','2020/01/20 22:00:00','일반',45,18400);

--2020/01/21
INSERT INTO TRANS_INFO
VALUES(TRANS_SEQ.nextval,'Trans1','t131','L1','L3','2020/01/21 10:30:00','2020/01/21 14:00:00','프리미엄',21,30000);
INSERT INTO TRANS_INFO
VALUES(TRANS_SEQ.nextval,'Trans1','t132','L1','L3','2020/01/21 10:30:00','2020/01/21 14:00:00','우등',28,27200);
INSERT INTO TRANS_INFO
VALUES(TRANS_SEQ.nextval,'Trans1','t133','L1','L3','2020/01/21 10:30:00','2020/01/21 14:00:00','일반',45,18400);

INSERT INTO TRANS_INFO
VALUES(TRANS_SEQ.nextval,'Trans1','t134','L1','L3','2020/01/21 12:00:00','2020/01/21 15:30:00','프리미엄',21,30000);
INSERT INTO TRANS_INFO
VALUES(TRANS_SEQ.nextval,'Trans1','t135','L1','L3','2020/01/21 12:00:00','2020/01/21 15:30:00','우등',28,27200);
INSERT INTO TRANS_INFO
VALUES(TRANS_SEQ.nextval,'Trans1','t136','L1','L3','2020/01/21 12:00:00','2020/01/21 15:30:00','일반',45,18400);

INSERT INTO TRANS_INFO
VALUES(TRANS_SEQ.nextval,'Trans1','t137','L1','L3','2020/01/21 18:00:00','2020/01/21 22:00:00','프리미엄',21,30000);
INSERT INTO TRANS_INFO
VALUES(TRANS_SEQ.nextval,'Trans1','t138','L1','L3','2020/01/21 18:00:00','2020/01/21 22:00:00','우등',28,27200);
INSERT INTO TRANS_INFO
VALUES(TRANS_SEQ.nextval,'Trans1','t139','L1','L3','2020/01/21 18:00:00','2020/01/21 22:00:00','일반',45,18400);


-- 서울->광주
-- 2020/01/20
INSERT INTO TRANS_INFO
VALUES(TRANS_SEQ.nextval,'Trans1','t151','L1','L5','2020/01/20 10:30:00','2020/01/20 13:50:00','프리미엄',21,31000);
INSERT INTO TRANS_INFO
VALUES(TRANS_SEQ.nextval,'Trans1','t152','L1','L5','2020/01/20 10:30:00','2020/01/20 13:50:00','우등',28,28100);
INSERT INTO TRANS_INFO
VALUES(TRANS_SEQ.nextval,'Trans1','t153','L1','L5','2020/01/20 10:30:00','2020/01/20 13:50:00','일반',45,19000);

INSERT INTO TRANS_INFO
VALUES(TRANS_SEQ.nextval,'Trans1','t154','L1','L5','2020/01/20 12:00:00','2020/01/20 15:20:00','프리미엄',21,31000);
INSERT INTO TRANS_INFO
VALUES(TRANS_SEQ.nextval,'Trans1','t155','L1','L5','2020/01/20 12:00:00','2020/01/20 15:20:00','우등',28,28100);
INSERT INTO TRANS_INFO
VALUES(TRANS_SEQ.nextval,'Trans1','t156','L1','L5','2020/01/20 12:00:00','2020/01/20 15:20:00','일반',45,19000);

INSERT INTO TRANS_INFO
VALUES(TRANS_SEQ.nextval,'Trans1','t157','L1','L5','2020/01/20 18:00:00','2020/01/20 21:20:00','프리미엄',21,31000);
INSERT INTO TRANS_INFO
VALUES(TRANS_SEQ.nextval,'Trans1','t158','L1','L5','2020/01/20 18:00:00','2020/01/20 21:20:00','우등',28,28100);
INSERT INTO TRANS_INFO
VALUES(TRANS_SEQ.nextval,'Trans1','t159','L1','L5','2020/01/20 18:00:00','2020/01/20 21:20:00','일반',45,19000);

--2020/01/21
INSERT INTO TRANS_INFO
VALUES(TRANS_SEQ.nextval,'Trans1','t151','L1','L5','2020/01/21 10:30:00','2020/01/21 13:50:00','프리미엄',21,31000);
INSERT INTO TRANS_INFO
VALUES(TRANS_SEQ.nextval,'Trans1','t152','L1','L5','2020/01/21 10:30:00','2020/01/21 13:50:00','우등',28,28100);
INSERT INTO TRANS_INFO
VALUES(TRANS_SEQ.nextval,'Trans1','t153','L1','L5','2020/01/21 10:30:00','2020/01/21 13:50:00','일반',45,19000);

INSERT INTO TRANS_INFO
VALUES(TRANS_SEQ.nextval,'Trans1','t154','L1','L5','2020/01/21 12:00:00','2020/01/21 15:20:00','프리미엄',21,31000);
INSERT INTO TRANS_INFO
VALUES(TRANS_SEQ.nextval,'Trans1','t155','L1','L5','2020/01/21 12:00:00','2020/01/21 15:20:00','우등',28,28100);
INSERT INTO TRANS_INFO
VALUES(TRANS_SEQ.nextval,'Trans1','t156','L1','L5','2020/01/21 12:00:00','2020/01/21 15:20:00','일반',45,19000);

INSERT INTO TRANS_INFO
VALUES(TRANS_SEQ.nextval,'Trans1','t157','L1','L5','2020/01/21 18:00:00','2020/01/21 21:20:00','프리미엄',21,31000);
INSERT INTO TRANS_INFO
VALUES(TRANS_SEQ.nextval,'Trans1','t158','L1','L5','2020/01/21 18:00:00','2020/01/21 21:20:00','우등',28,28100);
INSERT INTO TRANS_INFO
VALUES(TRANS_SEQ.nextval,'Trans1','t159','L1','L5','2020/01/21 18:00:00','2020/01/21 21:20:00','일반',45,19000);

-- 서울->대전
-- 2020/01/20
INSERT INTO TRANS_INFO
VALUES(TRANS_SEQ.nextval,'Trans1','t161','L1','L6','2020/01/20 10:30:00','2020/01/20 12:30:00','프리미엄',21,20000);
INSERT INTO TRANS_INFO
VALUES(TRANS_SEQ.nextval,'Trans1','t162','L1','L6','2020/01/20 10:30:00','2020/01/20 12:30:00','우등',28,14300);
INSERT INTO TRANS_INFO
VALUES(TRANS_SEQ.nextval,'Trans1','t163','L1','L6','2020/01/20 10:30:00','2020/01/20 12:30:00','일반',45,11400);

INSERT INTO TRANS_INFO
VALUES(TRANS_SEQ.nextval,'Trans1','t164','L1','L6','2020/01/20 12:00:00','2020/01/20 14:00:00','프리미엄',21,20000);
INSERT INTO TRANS_INFO
VALUES(TRANS_SEQ.nextval,'Trans1','t165','L1','L6','2020/01/20 12:00:00','2020/01/20 14:00:00','우등',28,14300);
INSERT INTO TRANS_INFO
VALUES(TRANS_SEQ.nextval,'Trans1','t166','L1','L6','2020/01/20 12:00:00','2020/01/20 14:00:00','일반',45,11400);

INSERT INTO TRANS_INFO
VALUES(TRANS_SEQ.nextval,'Trans1','t167','L1','L6','2020/01/20 18:00:00','2020/01/20 20:00:00','프리미엄',21,20000);
INSERT INTO TRANS_INFO
VALUES(TRANS_SEQ.nextval,'Trans1','t168','L1','L6','2020/01/20 18:00:00','2020/01/20 20:00:00','우등',28,14300);
INSERT INTO TRANS_INFO
VALUES(TRANS_SEQ.nextval,'Trans1','t169','L1','L6','2020/01/20 18:00:00','2020/01/20 20:00:00','일반',45,11400);

--2020/01/21
INSERT INTO TRANS_INFO
VALUES(TRANS_SEQ.nextval,'Trans1','t161','L1','L6','2020/01/21 10:30:00','2020/01/21 12:30:00','프리미엄',21,20000);
INSERT INTO TRANS_INFO
VALUES(TRANS_SEQ.nextval,'Trans1','t162','L1','L6','2020/01/21 10:30:00','2020/01/21 12:30:00','우등',28,14300);
INSERT INTO TRANS_INFO
VALUES(TRANS_SEQ.nextval,'Trans1','t163','L1','L6','2020/01/21 10:30:00','2020/01/21 12:30:00','일반',45,11400);

INSERT INTO TRANS_INFO
VALUES(TRANS_SEQ.nextval,'Trans1','t164','L1','L6','2020/01/21 12:00:00','2020/01/20 14:00:00','프리미엄',21,20000);
INSERT INTO TRANS_INFO
VALUES(TRANS_SEQ.nextval,'Trans1','t165','L1','L6','2020/01/21 12:00:00','2020/01/20 14:00:00','우등',28,14300);
INSERT INTO TRANS_INFO
VALUES(TRANS_SEQ.nextval,'Trans1','t166','L1','L6','2020/01/21 12:00:00','2020/01/20 14:00:00','일반',45,11400);

INSERT INTO TRANS_INFO
VALUES(TRANS_SEQ.nextval,'Trans1','t167','L1','L6','2020/01/21 18:00:00','2020/01/21 20:00:00','프리미엄',21,20000);
INSERT INTO TRANS_INFO
VALUES(TRANS_SEQ.nextval,'Trans1','t168','L1','L6','2020/01/21 18:00:00','2020/01/21 20:00:00','우등',28,14300);
INSERT INTO TRANS_INFO
VALUES(TRANS_SEQ.nextval,'Trans1','t169','L1','L6','2020/01/21 18:00:00','2020/01/21 20:00:00','일반',45,11400);

-- 서울->울산
-- 2020/01/20
INSERT INTO TRANS_INFO
VALUES(TRANS_SEQ.nextval,'Trans1','t171','L1','L7','2020/01/20 10:30:00','2020/01/20 14:40:00','프리미엄',21,38300);
INSERT INTO TRANS_INFO
VALUES(TRANS_SEQ.nextval,'Trans1','t172','L1','L7','2020/01/20 10:30:00','2020/01/20 14:40:00','우등',28,34700);
INSERT INTO TRANS_INFO
VALUES(TRANS_SEQ.nextval,'Trans1','t173','L1','L7','2020/01/20 10:30:00','2020/01/20 14:40:00','일반',45,23300);

INSERT INTO TRANS_INFO
VALUES(TRANS_SEQ.nextval,'Trans1','t174','L1','L7','2020/01/20 12:00:00','2020/01/20 16:10:00','프리미엄',21,38300);
INSERT INTO TRANS_INFO
VALUES(TRANS_SEQ.nextval,'Trans1','t175','L1','L7','2020/01/20 12:00:00','2020/01/20 16:10:00','우등',28,34700);
INSERT INTO TRANS_INFO
VALUES(TRANS_SEQ.nextval,'Trans1','t176','L1','L7','2020/01/20 12:00:00','2020/01/20 16:10:00','일반',45,23300);

INSERT INTO TRANS_INFO
VALUES(TRANS_SEQ.nextval,'Trans1','t177','L1','L7','2020/01/20 18:00:00','2020/01/20 22:10:00','프리미엄',21,38300);
INSERT INTO TRANS_INFO
VALUES(TRANS_SEQ.nextval,'Trans1','t178','L1','L7','2020/01/20 18:00:00','2020/01/20 22:10:00','우등',28,34700);
INSERT INTO TRANS_INFO
VALUES(TRANS_SEQ.nextval,'Trans1','t179','L1','L7','2020/01/20 18:00:00','2020/01/20 22:10:00','일반',45,23300);

--2020/01/21
INSERT INTO TRANS_INFO
VALUES(TRANS_SEQ.nextval,'Trans1','t171','L1','L7','2020/01/21 10:30:00','2020/01/21 14:40:00','프리미엄',21,38300);
INSERT INTO TRANS_INFO
VALUES(TRANS_SEQ.nextval,'Trans1','t172','L1','L7','2020/01/21 10:30:00','2020/01/21 14:40:00','우등',28,34700);
INSERT INTO TRANS_INFO
VALUES(TRANS_SEQ.nextval,'Trans1','t173','L1','L7','2020/01/21 10:30:00','2020/01/21 14:40:00','일반',45,23300);

INSERT INTO TRANS_INFO
VALUES(TRANS_SEQ.nextval,'Trans1','t174','L1','L7','2020/01/21 12:00:00','2020/01/21 16:10:00','프리미엄',21,38300);
INSERT INTO TRANS_INFO
VALUES(TRANS_SEQ.nextval,'Trans1','t175','L1','L7','2020/01/21 12:00:00','2020/01/21 16:10:00','우등',28,34700);
INSERT INTO TRANS_INFO
VALUES(TRANS_SEQ.nextval,'Trans1','t176','L1','L7','2020/01/21 12:00:00','2020/01/21 16:10:00','일반',45,23300);

INSERT INTO TRANS_INFO
VALUES(TRANS_SEQ.nextval,'Trans1','t177','L1','L7','2020/01/21 18:00:00','2020/01/21 22:10:00','프리미엄',21,38300);
INSERT INTO TRANS_INFO
VALUES(TRANS_SEQ.nextval,'Trans1','t178','L1','L7','2020/01/21 18:00:00','2020/01/21 22:10:00','우등',28,34700);
INSERT INTO TRANS_INFO
VALUES(TRANS_SEQ.nextval,'Trans1','t179','L1','L7','2020/01/21 18:00:00','2020/01/21 22:10:00','일반',45,23300);
--

-- 부산->서울
-- 2020/01/20
INSERT INTO TRANS_INFO
VALUES(TRANS_SEQ.nextval,'Trans1','t211','L2','L1','2020/01/20 10:30:00','2020/01/20 14:30:00','프리미엄',21,42800);
INSERT INTO TRANS_INFO
VALUES(TRANS_SEQ.nextval,'Trans1','t212','L2','L1','2020/01/20 10:30:00','2020/01/20 14:30:00','우등',28,36000);
INSERT INTO TRANS_INFO
VALUES(TRANS_SEQ.nextval,'Trans1','t213','L2','L1','2020/01/20 10:30:00','2020/01/20 14:30:00','일반',45,24200);

INSERT INTO TRANS_INFO
VALUES(TRANS_SEQ.nextval,'Trans1','t214','L2','L1','2020/01/20 12:00:00','2020/01/20 16:00:00','프리미엄',21,42800);
INSERT INTO TRANS_INFO
VALUES(TRANS_SEQ.nextval,'Trans1','t215','L2','L1','2020/01/20 12:00:00','2020/01/20 16:00:00','우등',28,36000);
INSERT INTO TRANS_INFO
VALUES(TRANS_SEQ.nextval,'Trans1','t216','L2','L1','2020/01/20 12:00:00','2020/01/20 16:00:00','일반',45,24200);

INSERT INTO TRANS_INFO
VALUES(TRANS_SEQ.nextval,'Trans1','t217','L2','L1','2020/01/20 18:00:00','2020/01/20 22:00:00','프리미엄',21,42800);
INSERT INTO TRANS_INFO
VALUES(TRANS_SEQ.nextval,'Trans1','t218','L2','L1','2020/01/20 18:00:00','2020/01/20 22:00:00','우등',28,36000);
INSERT INTO TRANS_INFO
VALUES(TRANS_SEQ.nextval,'Trans1','t219','L2','L1','2020/01/20 18:00:00','2020/01/20 22:00:00','일반',45,24200);

-- 2020/01/21
INSERT INTO TRANS_INFO
VALUES(TRANS_SEQ.nextval,'Trans1','t213','L2','L1','2020/01/21 10:30:00','2020/01/21 14:30:00','프리미엄',21,42800);
INSERT INTO TRANS_INFO
VALUES(TRANS_SEQ.nextval,'Trans1','t212','L2','L1','2020/01/21 10:30:00','2020/01/21 14:30:00','우등',28,36000);
INSERT INTO TRANS_INFO
VALUES(TRANS_SEQ.nextval,'Trans1','t213','L2','L1','2020/01/21 10:30:00','2020/01/21 14:30:00','일반',45,24200);

INSERT INTO TRANS_INFO
VALUES(TRANS_SEQ.nextval,'Trans1','t214','L2','L1','2020/01/21 12:00:00','2020/01/21 16:00:00','프리미엄',21,42800);
INSERT INTO TRANS_INFO
VALUES(TRANS_SEQ.nextval,'Trans1','t215','L2','L1','2020/01/21 12:00:00','2020/01/21 16:00:00','우등',28,36000);
INSERT INTO TRANS_INFO
VALUES(TRANS_SEQ.nextval,'Trans1','t216','L2','L1','2020/01/21 12:00:00','2020/01/21 16:00:00','일반',45,24200);

INSERT INTO TRANS_INFO
VALUES(TRANS_SEQ.nextval,'Trans1','t217','L2','L1','2020/01/21 18:00:00','2020/01/21 22:00:00','프리미엄',21,42800);
INSERT INTO TRANS_INFO
VALUES(TRANS_SEQ.nextval,'Trans1','t218','L2','L1','2020/01/21 18:00:00','2020/01/21 22:00:00','우등',28,36000);
INSERT INTO TRANS_INFO
VALUES(TRANS_SEQ.nextval,'Trans1','t219','L2','L1','2020/01/21 18:00:00','2020/01/21 22:00:00','일반',45,24200);

-- 부산->대구
-- 2020/01/20
INSERT INTO TRANS_INFO
VALUES(TRANS_SEQ.nextval,'Trans1','t231','L2','L3','2020/01/20 10:30:00','2020/01/20 11:40:00','프리미엄',21,15000);
INSERT INTO TRANS_INFO
VALUES(TRANS_SEQ.nextval,'Trans1','t232','L2','L3','2020/01/20 10:30:00','2020/01/20 11:40:00','우등',28,10400);
INSERT INTO TRANS_INFO
VALUES(TRANS_SEQ.nextval,'Trans1','t233','L2','L3','2020/01/20 10:30:00','2020/01/20 11:40:00','일반',45,7200);

INSERT INTO TRANS_INFO
VALUES(TRANS_SEQ.nextval,'Trans1','t234','L2','L3','2020/01/20 12:00:00','2020/01/20 13:10:00','프리미엄',21,15000);
INSERT INTO TRANS_INFO
VALUES(TRANS_SEQ.nextval,'Trans1','t235','L2','L3','2020/01/20 12:00:00','2020/01/20 13:10:00','우등',28,10400);
INSERT INTO TRANS_INFO
VALUES(TRANS_SEQ.nextval,'Trans1','t236','L2','L3','2020/01/20 12:00:00','2020/01/20 13:10:00','일반',45,7200);

INSERT INTO TRANS_INFO
VALUES(TRANS_SEQ.nextval,'Trans1','t237','L2','L3','2020/01/20 18:30:00','2020/01/20 18:40:00','프리미엄',21,15000);
INSERT INTO TRANS_INFO
VALUES(TRANS_SEQ.nextval,'Trans1','t238','L2','L3','2020/01/20 18:30:00','2020/01/20 18:40:00','우등',28,10400);
INSERT INTO TRANS_INFO
VALUES(TRANS_SEQ.nextval,'Trans1','t239','L2','L3','2020/01/20 18:30:00','2020/01/20 18:400:00','일반',45,7200);

--2020/01/21
INSERT INTO TRANS_INFO
VALUES(TRANS_SEQ.nextval,'Trans1','t231','L2','L3','2020/01/21 10:30:00','2020/01/21 11:40:00','프리미엄',21,15000);
INSERT INTO TRANS_INFO
VALUES(TRANS_SEQ.nextval,'Trans1','t232','L2','L3','2020/01/21 10:30:00','2020/01/21 11:40:00','우등',28,10400);
INSERT INTO TRANS_INFO
VALUES(TRANS_SEQ.nextval,'Trans1','t233','L2','L3','2020/01/21 10:30:00','2020/01/21 11:40:00','일반',45,7200);

INSERT INTO TRANS_INFO
VALUES(TRANS_SEQ.nextval,'Trans1','t234','L2','L3','2020/01/21 12:00:00','2020/01/21 13:10:00','프리미엄',21,15000);
INSERT INTO TRANS_INFO
VALUES(TRANS_SEQ.nextval,'Trans1','t235','L2','L3','2020/01/21 12:00:00','2020/01/21 13:10:00','우등',28,10400);
INSERT INTO TRANS_INFO
VALUES(TRANS_SEQ.nextval,'Trans1','t236','L2','L3','2020/01/21 12:00:00','2020/01/21 13:10:00','일반',45,7200);

INSERT INTO TRANS_INFO
VALUES(TRANS_SEQ.nextval,'Trans1','t237','L2','L3','2020/01/21 18:00:00','2020/01/21 18:400:00','프리미엄',21,15000);
INSERT INTO TRANS_INFO
VALUES(TRANS_SEQ.nextval,'Trans1','t238','L2','L3','2020/01/21 18:00:00','2020/01/21 18:400:00','우등',28,10400);
INSERT INTO TRANS_INFO
VALUES(TRANS_SEQ.nextval,'Trans1','t239','L2','L3','2020/01/21 18:00:00','2020/01/21 18:400:00','일반',45,7200);

-- 부산->인천
-- 2020/01/20
INSERT INTO TRANS_INFO
VALUES(TRANS_SEQ.nextval,'Trans1','t241','L2','L4','2020/01/20 10:30:00','2020/01/20 14:40:00','프리미엄',21,41800);
INSERT INTO TRANS_INFO
VALUES(TRANS_SEQ.nextval,'Trans1','t242','L2','L4','2020/01/20 10:30:00','2020/01/20 14:40:00','우등',28,37900);
INSERT INTO TRANS_INFO
VALUES(TRANS_SEQ.nextval,'Trans1','t243','L2','L4','2020/01/20 10:30:00','2020/01/20 14:40:00','일반',45,25400);

INSERT INTO TRANS_INFO
VALUES(TRANS_SEQ.nextval,'Trans1','t244','L2','L4','2020/01/20 12:00:00','2020/01/20 16:10:00','프리미엄',21,41800);
INSERT INTO TRANS_INFO
VALUES(TRANS_SEQ.nextval,'Trans1','t245','L2','L4','2020/01/20 12:00:00','2020/01/20 16:10:00','우등',28,37900);
INSERT INTO TRANS_INFO
VALUES(TRANS_SEQ.nextval,'Trans1','t246','L2','L4','2020/01/20 12:00:00','2020/01/20 16:10:00','일반',45,25400);

INSERT INTO TRANS_INFO
VALUES(TRANS_SEQ.nextval,'Trans1','t247','L2','L4','2020/01/20 18:00:00','2020/01/20 22:10:00','프리미엄',21,41800);
INSERT INTO TRANS_INFO
VALUES(TRANS_SEQ.nextval,'Trans1','t248','L2','L4','2020/01/20 18:00:00','2020/01/20 22:10:00','우등',28,37900);
INSERT INTO TRANS_INFO
VALUES(TRANS_SEQ.nextval,'Trans1','t249','L2','L4','2020/01/20 18:00:00','2020/01/20 22:10:00','일반',45,25400);

--2020/01/21
INSERT INTO TRANS_INFO
VALUES(TRANS_SEQ.nextval,'Trans1','t241','L2','L4','2020/01/21 10:30:00','2020/01/21 14:40:00','프리미엄',21,41800);
INSERT INTO TRANS_INFO
VALUES(TRANS_SEQ.nextval,'Trans1','t242','L2','L4','2020/01/21 10:30:00','2020/01/21 14:40:00','우등',28,37900);
INSERT INTO TRANS_INFO
VALUES(TRANS_SEQ.nextval,'Trans1','t243','L2','L4','2020/01/21 10:30:00','2020/01/21 14:40:00','일반',45,25400);

INSERT INTO TRANS_INFO
VALUES(TRANS_SEQ.nextval,'Trans1','t244','L2','L4','2020/01/21 12:00:00','2020/01/21 16:10:00','프리미엄',21,41800);
INSERT INTO TRANS_INFO
VALUES(TRANS_SEQ.nextval,'Trans1','t245','L2','L4','2020/01/21 12:00:00','2020/01/21 16:10:00','우등',28,37900);
INSERT INTO TRANS_INFO
VALUES(TRANS_SEQ.nextval,'Trans1','t246','L2','L4','2020/01/21 12:00:00','2020/01/21 16:10:00','일반',45,25400);

INSERT INTO TRANS_INFO
VALUES(TRANS_SEQ.nextval,'Trans1','t247','L2','L4','2020/01/21 18:00:00','2020/01/21 22:10:00','프리미엄',21,41800);
INSERT INTO TRANS_INFO
VALUES(TRANS_SEQ.nextval,'Trans1','t248','L2','L4','2020/01/21 18:00:00','2020/01/21 22:10:00','우등',28,37900);
INSERT INTO TRANS_INFO
VALUES(TRANS_SEQ.nextval,'Trans1','t249','L2','L4','2020/01/21 18:00:00','2020/01/21 22:10:00','일반',45,25400);

-- 부산->광주
-- 2020/01/20
INSERT INTO TRANS_INFO
VALUES(TRANS_SEQ.nextval,'Trans1','t251','L2','L5','2020/01/20 10:30:00','2020/01/20 13:30:00','프리미엄',21,28700);
INSERT INTO TRANS_INFO
VALUES(TRANS_SEQ.nextval,'Trans1','t252','L2','L5','2020/01/20 10:30:00','2020/01/20 13:30:00','우등',28,26000);
INSERT INTO TRANS_INFO
VALUES(TRANS_SEQ.nextval,'Trans1','t253','L2','L5','2020/01/20 10:30:00','2020/01/20 13:30:00','일반',45,17600);

INSERT INTO TRANS_INFO
VALUES(TRANS_SEQ.nextval,'Trans1','t254','L2','L5','2020/01/20 12:00:00','2020/01/20 15:00:00','프리미엄',21,28700);
INSERT INTO TRANS_INFO
VALUES(TRANS_SEQ.nextval,'Trans1','t255','L2','L5','2020/01/20 12:00:00','2020/01/20 15:00:00','우등',28,26000);
INSERT INTO TRANS_INFO
VALUES(TRANS_SEQ.nextval,'Trans1','t256','L2','L5','2020/01/20 12:00:00','2020/01/20 15:00:00','일반',45,17600);

INSERT INTO TRANS_INFO
VALUES(TRANS_SEQ.nextval,'Trans1','t257','L2','L5','2020/01/20 18:00:00','2020/01/20 21:00:00','프리미엄',21,28700);
INSERT INTO TRANS_INFO
VALUES(TRANS_SEQ.nextval,'Trans1','t258','L2','L5','2020/01/20 18:00:00','2020/01/20 21:00:00','우등',28,26000);
INSERT INTO TRANS_INFO
VALUES(TRANS_SEQ.nextval,'Trans1','t259','L2','L5','2020/01/20 18:00:00','2020/01/20 21:00:00','일반',45,17600);

--2020/01/21
INSERT INTO TRANS_INFO
VALUES(TRANS_SEQ.nextval,'Trans1','t251','L2','L5','2020/01/21 10:30:00','2020/01/21 13:30:00','프리미엄',21,28700);
INSERT INTO TRANS_INFO
VALUES(TRANS_SEQ.nextval,'Trans1','t252','L2','L5','2020/01/21 10:30:00','2020/01/21 13:30:00','우등',28,26000);
INSERT INTO TRANS_INFO
VALUES(TRANS_SEQ.nextval,'Trans1','t253','L2','L5','2020/01/21 10:30:00','2020/01/21 13:30:00','일반',45,17600);

INSERT INTO TRANS_INFO
VALUES(TRANS_SEQ.nextval,'Trans1','t254','L2','L5','2020/01/21 12:00:00','2020/01/21 15:00:00','프리미엄',21,28700);
INSERT INTO TRANS_INFO
VALUES(TRANS_SEQ.nextval,'Trans1','t255','L2','L5','2020/01/21 12:00:00','2020/01/21 15:00:00','우등',28,26000);
INSERT INTO TRANS_INFO
VALUES(TRANS_SEQ.nextval,'Trans1','t256','L2','L5','2020/01/21 12:00:00','2020/01/21 15:00:00','일반',45,17600);

INSERT INTO TRANS_INFO
VALUES(TRANS_SEQ.nextval,'Trans1','t257','L2','L5','2020/01/21 18:00:00','2020/01/21 21:00:00','프리미엄',21,28700);
INSERT INTO TRANS_INFO
VALUES(TRANS_SEQ.nextval,'Trans1','t258','L2','L5','2020/01/21 18:00:00','2020/01/21 21:00:00','우등',28,26000);
INSERT INTO TRANS_INFO
VALUES(TRANS_SEQ.nextval,'Trans1','t259','L2','L5','2020/01/21 18:00:00','2020/01/21 21:00:00','일반',45,17600);

-- 부산->대전
-- 2020/01/20
INSERT INTO TRANS_INFO
VALUES(TRANS_SEQ.nextval,'Trans1','t261','L2','L6','2020/01/20 10:30:00','2020/01/20 13:30:00','프리미엄',21,27600);
INSERT INTO TRANS_INFO
VALUES(TRANS_SEQ.nextval,'Trans1','t262','L2','L6','2020/01/20 10:30:00','2020/01/20 13:30:00','우등',28,25100);
INSERT INTO TRANS_INFO
VALUES(TRANS_SEQ.nextval,'Trans1','t263','L2','L6','2020/01/20 10:30:00','2020/01/20 13:30:00','일반',45,17000);

INSERT INTO TRANS_INFO
VALUES(TRANS_SEQ.nextval,'Trans1','t264','L2','L6','2020/01/20 12:00:00','2020/01/20 15:00:00','프리미엄',21,27600);
INSERT INTO TRANS_INFO
VALUES(TRANS_SEQ.nextval,'Trans1','t265','L2','L6','2020/01/20 12:00:00','2020/01/20 15:00:00','우등',28,25100);
INSERT INTO TRANS_INFO
VALUES(TRANS_SEQ.nextval,'Trans1','t266','L2','L6','2020/01/20 12:00:00','2020/01/20 15:00:00','일반',45,17000);

INSERT INTO TRANS_INFO
VALUES(TRANS_SEQ.nextval,'Trans1','t267','L2','L6','2020/01/20 18:00:00','2020/01/20 21:00:00','프리미엄',21,27600);
INSERT INTO TRANS_INFO
VALUES(TRANS_SEQ.nextval,'Trans1','t268','L2','L6','2020/01/20 18:00:00','2020/01/20 21:00:00','우등',28,25100);
INSERT INTO TRANS_INFO
VALUES(TRANS_SEQ.nextval,'Trans1','t269','L2','L6','2020/01/20 18:00:00','2020/01/20 21:00:00','일반',45,17000);

--2020/01/21
INSERT INTO TRANS_INFO
VALUES(TRANS_SEQ.nextval,'Trans1','t261','L2','L6','2020/01/21 10:30:00','2020/01/21 13:30:00','프리미엄',21,27600);
INSERT INTO TRANS_INFO
VALUES(TRANS_SEQ.nextval,'Trans1','t262','L2','L6','2020/01/21 10:30:00','2020/01/21 13:30:00','우등',28,25100);
INSERT INTO TRANS_INFO
VALUES(TRANS_SEQ.nextval,'Trans1','t263','L2','L6','2020/01/21 10:30:00','2020/01/21 13:30:00','일반',45,17000);

INSERT INTO TRANS_INFO
VALUES(TRANS_SEQ.nextval,'Trans1','t264','L2','L6','2020/01/21 12:00:00','2020/01/20 15:00:00','프리미엄',21,27600);
INSERT INTO TRANS_INFO
VALUES(TRANS_SEQ.nextval,'Trans1','t265','L2','L6','2020/01/21 12:00:00','2020/01/20 15:00:00','우등',28,25100);
INSERT INTO TRANS_INFO
VALUES(TRANS_SEQ.nextval,'Trans1','t266','L2','L6','2020/01/21 12:00:00','2020/01/20 15:00:00','일반',45,17000);

INSERT INTO TRANS_INFO
VALUES(TRANS_SEQ.nextval,'Trans1','t267','L2','L6','2020/01/21 18:00:00','2020/01/21 21:00:00','프리미엄',21,27600);
INSERT INTO TRANS_INFO
VALUES(TRANS_SEQ.nextval,'Trans1','t268','L2','L6','2020/01/21 18:00:00','2020/01/21 21:00:00','우등',28,25100);
INSERT INTO TRANS_INFO
VALUES(TRANS_SEQ.nextval,'Trans1','t269','L2','L6','2020/01/21 18:00:00','2020/01/21 21:00:00','일반',45,17000);


-- 대구->서울
-- 2020/01/20
INSERT INTO TRANS_INFO
VALUES(TRANS_SEQ.nextval,'Trans1','t311','L3','L1','2020/01/20 10:30:00','2020/01/20 14:00:00','프리미엄',21,30000);
INSERT INTO TRANS_INFO
VALUES(TRANS_SEQ.nextval,'Trans1','t312','L3','L1','2020/01/20 10:30:00','2020/01/20 14:00:00','우등',28,27200);
INSERT INTO TRANS_INFO
VALUES(TRANS_SEQ.nextval,'Trans1','t313','L3','L1','2020/01/20 10:30:00','2020/01/20 14:00:00','일반',45,18400);

INSERT INTO TRANS_INFO
VALUES(TRANS_SEQ.nextval,'Trans1','t314','L3','L1','2020/01/20 12:00:00','2020/01/20 15:30:00','프리미엄',21,30000);
INSERT INTO TRANS_INFO
VALUES(TRANS_SEQ.nextval,'Trans1','t315','L3','L1','2020/01/20 12:00:00','2020/01/20 15:30:00','우등',28,27200);
INSERT INTO TRANS_INFO
VALUES(TRANS_SEQ.nextval,'Trans1','t316','L3','L1','2020/01/20 12:00:00','2020/01/20 15:30:00','일반',45,18400);

INSERT INTO TRANS_INFO
VALUES(TRANS_SEQ.nextval,'Trans1','t317','L3','L1','2020/01/20 18:00:00','2020/01/20 21:30:00','프리미엄',21,30000);
INSERT INTO TRANS_INFO
VALUES(TRANS_SEQ.nextval,'Trans1','t318','L3','L1','2020/01/20 18:00:00','2020/01/20 21:30:00','우등',28,27200);
INSERT INTO TRANS_INFO
VALUES(TRANS_SEQ.nextval,'Trans1','t319','L3','L1','2020/01/20 18:00:00','2020/01/20 21:30:00','일반',45,18400);


-- 2020/01/21
INSERT INTO TRANS_INFO
VALUES(TRANS_SEQ.nextval,'Trans1','t311','L3','L1','2020/01/21 10:30:00','2020/01/21 14:00:00','프리미엄',21,30000);
INSERT INTO TRANS_INFO
VALUES(TRANS_SEQ.nextval,'Trans1','t312','L3','L1','2020/01/21 10:30:00','2020/01/21 14:00:00','우등',28,27200);
INSERT INTO TRANS_INFO
VALUES(TRANS_SEQ.nextval,'Trans1','t313','L3','L1','2020/01/21 10:30:00','2020/01/21 14:00:00','일반',45,18400);

INSERT INTO TRANS_INFO
VALUES(TRANS_SEQ.nextval,'Trans1','t314','L3','L1','2020/01/21 12:00:00','2020/01/21 15:30:00','프리미엄',21,30000);
INSERT INTO TRANS_INFO
VALUES(TRANS_SEQ.nextval,'Trans1','t315','L3','L1','2020/01/21 12:00:00','2020/01/21 15:30:00','우등',28,27200);
INSERT INTO TRANS_INFO
VALUES(TRANS_SEQ.nextval,'Trans1','t316','L3','L1','2020/01/21 12:00:00','2020/01/21 15:30:00','일반',45,18400);

INSERT INTO TRANS_INFO
VALUES(TRANS_SEQ.nextval,'Trans1','t317','L3','L1','2020/01/21 18:00:00','2020/01/21 21:30:00','프리미엄',21,30000);
INSERT INTO TRANS_INFO
VALUES(TRANS_SEQ.nextval,'Trans1','t318','L3','L1','2020/01/21 18:00:00','2020/01/21 21:30:00','우등',28,27200);
INSERT INTO TRANS_INFO
VALUES(TRANS_SEQ.nextval,'Trans1','t319','L3','L1','2020/01/21 18:00:00','2020/01/21 21:30:00','일반',45,18400);

-- 대구->부산
-- 2020/01/20
INSERT INTO TRANS_INFO
VALUES(TRANS_SEQ.nextval,'Trans1','t321','L3','L2','2020/01/20 10:30:00','2020/01/20 11:40:00','프리미엄',21,15000);
INSERT INTO TRANS_INFO
VALUES(TRANS_SEQ.nextval,'Trans1','t322','L3','L2','2020/01/20 10:30:00','2020/01/20 11:40:00','우등',28,10400);
INSERT INTO TRANS_INFO
VALUES(TRANS_SEQ.nextval,'Trans1','t323','L3','L2','2020/01/20 10:30:00','2020/01/20 11:40:00','일반',45,7200);

INSERT INTO TRANS_INFO
VALUES(TRANS_SEQ.nextval,'Trans1','t324','L3','L2','2020/01/20 12:00:00','2020/01/20 13:10:00','프리미엄',21,15000);
INSERT INTO TRANS_INFO
VALUES(TRANS_SEQ.nextval,'Trans1','t325','L3','L2','2020/01/20 12:00:00','2020/01/20 13:10:00','우등',28,10400);
INSERT INTO TRANS_INFO
VALUES(TRANS_SEQ.nextval,'Trans1','t326','L3','L2','2020/01/20 12:00:00','2020/01/20 13:10:00','일반',45,7200);

INSERT INTO TRANS_INFO
VALUES(TRANS_SEQ.nextval,'Trans1','t327','L3','L2','2020/01/20 18:30:00','2020/01/20 18:40:00','프리미엄',21,15000);
INSERT INTO TRANS_INFO
VALUES(TRANS_SEQ.nextval,'Trans1','t328','L3','L2','2020/01/20 18:30:00','2020/01/20 18:40:00','우등',28,10400);
INSERT INTO TRANS_INFO
VALUES(TRANS_SEQ.nextval,'Trans1','t329','L3','L2','2020/01/20 18:30:00','2020/01/20 18:400:00','일반',45,7200);

--2020/01/21
INSERT INTO TRANS_INFO
VALUES(TRANS_SEQ.nextval,'Trans1','t321','L3','L2','2020/01/21 10:30:00','2020/01/21 11:40:00','프리미엄',21,15000);
INSERT INTO TRANS_INFO
VALUES(TRANS_SEQ.nextval,'Trans1','t322','L3','L2','2020/01/21 10:30:00','2020/01/21 11:40:00','우등',28,10400);
INSERT INTO TRANS_INFO
VALUES(TRANS_SEQ.nextval,'Trans1','t323','L3','L2','2020/01/21 10:30:00','2020/01/21 11:40:00','일반',45,7200);

INSERT INTO TRANS_INFO
VALUES(TRANS_SEQ.nextval,'Trans1','t324','L3','L2','2020/01/21 12:00:00','2020/01/21 13:10:00','프리미엄',21,15000);
INSERT INTO TRANS_INFO
VALUES(TRANS_SEQ.nextval,'Trans1','t325','L3','L2','2020/01/21 12:00:00','2020/01/21 13:10:00','우등',28,10400);
INSERT INTO TRANS_INFO
VALUES(TRANS_SEQ.nextval,'Trans1','t326','L3','L2','2020/01/21 12:00:00','2020/01/21 13:10:00','일반',45,7200);

INSERT INTO TRANS_INFO
VALUES(TRANS_SEQ.nextval,'Trans1','t327','L3','L2','2020/01/21 18:00:00','2020/01/21 18:400:00','프리미엄',21,15000);
INSERT INTO TRANS_INFO
VALUES(TRANS_SEQ.nextval,'Trans1','t328','L3','L2','2020/01/21 18:00:00','2020/01/21 18:400:00','우등',28,10400);
INSERT INTO TRANS_INFO
VALUES(TRANS_SEQ.nextval,'Trans1','t329','L3','L2','2020/01/21 18:00:00','2020/01/21 18:400:00','일반',45,7200);

-- 대구->인천
-- 2020/01/20
INSERT INTO TRANS_INFO
VALUES(TRANS_SEQ.nextval,'Trans1','t341','L3','L4','2020/01/20 10:30:00','2020/01/20 14:10:00','프리미엄',21,32000);
INSERT INTO TRANS_INFO
VALUES(TRANS_SEQ.nextval,'Trans1','t342','L3','L4','2020/01/20 10:30:00','2020/01/20 14:10:00','우등',28,29100);
INSERT INTO TRANS_INFO
VALUES(TRANS_SEQ.nextval,'Trans1','t343','L3','L4','2020/01/20 10:30:00','2020/01/20 14:10:00','일반',45,19600);

INSERT INTO TRANS_INFO
VALUES(TRANS_SEQ.nextval,'Trans1','t344','L3','L4','2020/01/20 12:00:00','2020/01/20 15:40:00','프리미엄',21,32000);
INSERT INTO TRANS_INFO
VALUES(TRANS_SEQ.nextval,'Trans1','t345','L3','L4','2020/01/20 12:00:00','2020/01/20 15:40:00','우등',28,29100);
INSERT INTO TRANS_INFO
VALUES(TRANS_SEQ.nextval,'Trans1','t346','L3','L4','2020/01/20 12:00:00','2020/01/20 15:40:00','일반',45,19600);

INSERT INTO TRANS_INFO
VALUES(TRANS_SEQ.nextval,'Trans1','t347','L3','L4','2020/01/20 18:00:00','2020/01/20 21:40:00','프리미엄',21,32000);
INSERT INTO TRANS_INFO
VALUES(TRANS_SEQ.nextval,'Trans1','t348','L3','L4','2020/01/20 18:00:00','2020/01/20 21:40:00','우등',28,29100);
INSERT INTO TRANS_INFO
VALUES(TRANS_SEQ.nextval,'Trans1','t349','L3','L4','2020/01/20 18:00:00','2020/01/20 21:40:00','일반',45,19600);

-- 2020/01/21
INSERT INTO TRANS_INFO
VALUES(TRANS_SEQ.nextval,'Trans1','t341','L3','L4','2020/01/21 10:30:00','2020/01/21 14:10:00','프리미엄',21,32000);
INSERT INTO TRANS_INFO
VALUES(TRANS_SEQ.nextval,'Trans1','t342','L3','L4','2020/01/21 10:30:00','2020/01/21 14:10:00','우등',28,29100);
INSERT INTO TRANS_INFO
VALUES(TRANS_SEQ.nextval,'Trans1','t343','L3','L4','2020/01/21 10:30:00','2020/01/21 14:10:00','일반',45,19600);

INSERT INTO TRANS_INFO
VALUES(TRANS_SEQ.nextval,'Trans1','t344','L3','L4','2020/01/21 12:00:00','2020/01/21 15:40:00','프리미엄',21,32000);
INSERT INTO TRANS_INFO
VALUES(TRANS_SEQ.nextval,'Trans1','t345','L3','L4','2020/01/21 12:00:00','2020/01/21 15:40:00','우등',28,29100);
INSERT INTO TRANS_INFO
VALUES(TRANS_SEQ.nextval,'Trans1','t346','L3','L4','2020/01/21 12:00:00','2020/01/21 15:40:00','일반',45,19600);

INSERT INTO TRANS_INFO
VALUES(TRANS_SEQ.nextval,'Trans1','t347','L3','L4','2020/01/21 18:00:00','2020/01/21 21:40:00','프리미엄',21,32000);
INSERT INTO TRANS_INFO
VALUES(TRANS_SEQ.nextval,'Trans1','t348','L3','L4','2020/01/21 18:00:00','2020/01/21 21:40:00','우등',28,29100);
INSERT INTO TRANS_INFO
VALUES(TRANS_SEQ.nextval,'Trans1','t349','L3','L4','2020/01/21 18:00:00','2020/01/21 21:40:00','일반',45,19600);

-- 대구->광주
-- 2020/01/20
INSERT INTO TRANS_INFO
VALUES(TRANS_SEQ.nextval,'Trans1','t351','L3','L5','2020/01/20 10:30:00','2020/01/20 13:30:00','프리미엄',21,23000);
INSERT INTO TRANS_INFO
VALUES(TRANS_SEQ.nextval,'Trans1','t352','L3','L5','2020/01/20 10:30:00','2020/01/20 13:30:00','우등',28,20800);
INSERT INTO TRANS_INFO
VALUES(TRANS_SEQ.nextval,'Trans1','t353','L3','L5','2020/01/20 10:30:00','2020/01/20 13:30:00','일반',45,14200);

INSERT INTO TRANS_INFO
VALUES(TRANS_SEQ.nextval,'Trans1','t354','L3','L5','2020/01/20 12:00:00','2020/01/20 15:00:00','프리미엄',21,23000);
INSERT INTO TRANS_INFO
VALUES(TRANS_SEQ.nextval,'Trans1','t355','L3','L5','2020/01/20 12:00:00','2020/01/20 15:00:00','우등',28,20800);
INSERT INTO TRANS_INFO
VALUES(TRANS_SEQ.nextval,'Trans1','t356','L3','L5','2020/01/20 12:00:00','2020/01/20 15:00:00','일반',45,14200);

INSERT INTO TRANS_INFO
VALUES(TRANS_SEQ.nextval,'Trans1','t357','L3','L5','2020/01/20 18:00:00','2020/01/20 21:00:00','프리미엄',21,23000);
INSERT INTO TRANS_INFO
VALUES(TRANS_SEQ.nextval,'Trans1','t358','L3','L5','2020/01/20 18:00:00','2020/01/20 21:00:00','우등',28,20800);
INSERT INTO TRANS_INFO
VALUES(TRANS_SEQ.nextval,'Trans1','t359','L3','L5','2020/01/20 18:00:00','2020/01/20 21:00:00','일반',45,14200);

--2020/01/21
INSERT INTO TRANS_INFO
VALUES(TRANS_SEQ.nextval,'Trans1','t351','L3','L5','2020/01/21 10:30:00','2020/01/21 13:30:00','프리미엄',21,23000);
INSERT INTO TRANS_INFO
VALUES(TRANS_SEQ.nextval,'Trans1','t352','L3','L5','2020/01/21 10:30:00','2020/01/21 13:30:00','우등',28,20800);
INSERT INTO TRANS_INFO
VALUES(TRANS_SEQ.nextval,'Trans1','t353','L3','L5','2020/01/21 10:30:00','2020/01/21 13:30:00','일반',45,14200);

INSERT INTO TRANS_INFO
VALUES(TRANS_SEQ.nextval,'Trans1','t354','L3','L5','2020/01/21 12:00:00','2020/01/21 15:00:00','프리미엄',21,23000);
INSERT INTO TRANS_INFO
VALUES(TRANS_SEQ.nextval,'Trans1','t355','L3','L5','2020/01/21 12:00:00','2020/01/21 15:00:00','우등',28,20800);
INSERT INTO TRANS_INFO
VALUES(TRANS_SEQ.nextval,'Trans1','t356','L3','L5','2020/01/21 12:00:00','2020/01/21 15:00:00','일반',45,14200);

INSERT INTO TRANS_INFO
VALUES(TRANS_SEQ.nextval,'Trans1','t357','L3','L5','2020/01/21 18:00:00','2020/01/21 21:00:00','프리미엄',21,23000);
INSERT INTO TRANS_INFO
VALUES(TRANS_SEQ.nextval,'Trans1','t358','L3','L5','2020/01/21 18:00:00','2020/01/21 21:00:00','우등',28,20800);
INSERT INTO TRANS_INFO
VALUES(TRANS_SEQ.nextval,'Trans1','t359','L3','L5','2020/01/21 18:00:00','2020/01/21 21:00:00','일반',45,14200);

-- 대구->대전
-- 2020/01/20
INSERT INTO TRANS_INFO
VALUES(TRANS_SEQ.nextval,'Trans1','t361','L3','L6','2020/01/20 10:30:00','2020/01/20 12:30:00','프리미엄',21,16000);
INSERT INTO TRANS_INFO
VALUES(TRANS_SEQ.nextval,'Trans1','t362','L3','L6','2020/01/20 10:30:00','2020/01/20 12:30:00','우등',28,14600);
INSERT INTO TRANS_INFO
VALUES(TRANS_SEQ.nextval,'Trans1','t363','L3','L6','2020/01/20 10:30:00','2020/01/20 12:30:00','일반',45,10000);

INSERT INTO TRANS_INFO
VALUES(TRANS_SEQ.nextval,'Trans1','t364','L3','L6','2020/01/20 12:00:00','2020/01/20 14:00:00','프리미엄',21,16000);
INSERT INTO TRANS_INFO
VALUES(TRANS_SEQ.nextval,'Trans1','t365','L3','L6','2020/01/20 12:00:00','2020/01/20 14:00:00','우등',28,14600);
INSERT INTO TRANS_INFO
VALUES(TRANS_SEQ.nextval,'Trans1','t366','L3','L6','2020/01/20 12:00:00','2020/01/20 14:00:00','일반',45,10000);

INSERT INTO TRANS_INFO
VALUES(TRANS_SEQ.nextval,'Trans1','t367','L3','L6','2020/01/20 18:00:00','2020/01/20 20:00:00','프리미엄',21,16000);
INSERT INTO TRANS_INFO
VALUES(TRANS_SEQ.nextval,'Trans1','t368','L3','L6','2020/01/20 18:00:00','2020/01/20 20:00:00','우등',28,14600);
INSERT INTO TRANS_INFO
VALUES(TRANS_SEQ.nextval,'Trans1','t369','L3','L6','2020/01/20 18:00:00','2020/01/20 20:00:00','일반',45,10000);

--2020/01/21
INSERT INTO TRANS_INFO
VALUES(TRANS_SEQ.nextval,'Trans1','t361','L3','L6','2020/01/21 10:30:00','2020/01/21 12:30:00','프리미엄',21,16000);
INSERT INTO TRANS_INFO
VALUES(TRANS_SEQ.nextval,'Trans1','t362','L3','L6','2020/01/21 10:30:00','2020/01/21 12:30:00','우등',28,14600);
INSERT INTO TRANS_INFO
VALUES(TRANS_SEQ.nextval,'Trans1','t363','L3','L6','2020/01/21 10:30:00','2020/01/21 12:30:00','일반',45,10000);

INSERT INTO TRANS_INFO
VALUES(TRANS_SEQ.nextval,'Trans1','t364','L3','L6','2020/01/21 12:00:00','2020/01/20 14:00:00','프리미엄',21,16000);
INSERT INTO TRANS_INFO
VALUES(TRANS_SEQ.nextval,'Trans1','t365','L3','L6','2020/01/21 12:00:00','2020/01/20 14:00:00','우등',28,14600);
INSERT INTO TRANS_INFO
VALUES(TRANS_SEQ.nextval,'Trans1','t366','L3','L6','2020/01/21 12:00:00','2020/01/20 14:00:00','일반',45,10000);

INSERT INTO TRANS_INFO
VALUES(TRANS_SEQ.nextval,'Trans1','t367','L3','L6','2020/01/21 18:00:00','2020/01/21 20:00:00','프리미엄',21,16000);
INSERT INTO TRANS_INFO
VALUES(TRANS_SEQ.nextval,'Trans1','t368','L3','L6','2020/01/21 18:00:00','2020/01/21 20:00:00','우등',28,14600);
INSERT INTO TRANS_INFO
VALUES(TRANS_SEQ.nextval,'Trans1','t369','L3','L6','2020/01/21 18:00:00','2020/01/21 20:00:00','일반',45,10000);

-- 대구->울산
-- 2020/01/20
INSERT INTO TRANS_INFO
VALUES(TRANS_SEQ.nextval,'Trans1','t371','L3','L7','2020/01/20 10:30:00','2020/01/20 12:10:00','프리미엄',21,10000);
INSERT INTO TRANS_INFO
VALUES(TRANS_SEQ.nextval,'Trans1','t372','L3','L7','2020/01/20 10:30:00','2020/01/20 12:10:00','우등',28,8700);
INSERT INTO TRANS_INFO
VALUES(TRANS_SEQ.nextval,'Trans1','t373','L3','L7','2020/01/20 10:30:00','2020/01/20 12:10:00','일반',45,7700);

INSERT INTO TRANS_INFO
VALUES(TRANS_SEQ.nextval,'Trans1','t374','L3','L7','2020/01/20 12:00:00','2020/01/20 13:40:00','프리미엄',21,10000);
INSERT INTO TRANS_INFO
VALUES(TRANS_SEQ.nextval,'Trans1','t375','L3','L7','2020/01/20 12:00:00','2020/01/20 13:40:00','우등',28,34700);
INSERT INTO TRANS_INFO
VALUES(TRANS_SEQ.nextval,'Trans1','t376','L3','L7','2020/01/20 12:00:00','2020/01/20 13:40:00','일반',45,23300);

INSERT INTO TRANS_INFO
VALUES(TRANS_SEQ.nextval,'Trans1','t377','L3','L7','2020/01/20 18:00:00','2020/01/20 19:40:00','프리미엄',21,10000);
INSERT INTO TRANS_INFO
VALUES(TRANS_SEQ.nextval,'Trans1','t378','L3','L7','2020/01/20 18:00:00','2020/01/20 19:40:00','우등',28,34700);
INSERT INTO TRANS_INFO
VALUES(TRANS_SEQ.nextval,'Trans1','t379','L3','L7','2020/01/20 18:00:00','2020/01/20 19:40:00','일반',45,23300);


--2020/01/21
INSERT INTO TRANS_INFO
VALUES(TRANS_SEQ.nextval,'Trans1','t371','L3','L7','2020/01/21 10:30:00','2020/01/21 12:10:00','프리미엄',21,10000);
INSERT INTO TRANS_INFO
VALUES(TRANS_SEQ.nextval,'Trans1','t372','L3','L7','2020/01/21 10:30:00','2020/01/21 12:10:00','우등',28,8700);
INSERT INTO TRANS_INFO
VALUES(TRANS_SEQ.nextval,'Trans1','t373','L3','L7','2020/01/21 10:30:00','2020/01/21 12:10:00','일반',45,7700);

INSERT INTO TRANS_INFO
VALUES(TRANS_SEQ.nextval,'Trans1','t374','L3','L7','2020/01/21 12:00:00','2020/01/21 13:40:00','프리미엄',21,10000);
INSERT INTO TRANS_INFO
VALUES(TRANS_SEQ.nextval,'Trans1','t375','L3','L7','2020/01/21 12:00:00','2020/01/21 13:40:00','우등',28,34700);
INSERT INTO TRANS_INFO
VALUES(TRANS_SEQ.nextval,'Trans1','t376','L3','L7','2020/01/21 12:00:00','2020/01/21 13:40:00','일반',45,23300);

INSERT INTO TRANS_INFO
VALUES(TRANS_SEQ.nextval,'Trans1','t377','L3','L7','2020/01/21 18:00:00','2020/01/21 19:40:00','프리미엄',21,10000);
INSERT INTO TRANS_INFO
VALUES(TRANS_SEQ.nextval,'Trans1','t378','L3','L7','2020/01/21 18:00:00','2020/01/21 19:40:00','우등',28,34700);
INSERT INTO TRANS_INFO
VALUES(TRANS_SEQ.nextval,'Trans1','t379','L3','L7','2020/01/21 18:00:00','2020/01/21 19:40:00','일반',45,23300);
--

-- 인천->부산
-- 2020/01/20
INSERT INTO TRANS_INFO
VALUES(TRANS_SEQ.nextval,'Trans1','t421','L4','L2','2020/01/20 10:30:00','2020/01/20 14:40:00','프리미엄',21,41800);
INSERT INTO TRANS_INFO
VALUES(TRANS_SEQ.nextval,'Trans1','t422','L4','L2','2020/01/20 10:30:00','2020/01/20 14:40:00','우등',28,37900);
INSERT INTO TRANS_INFO
VALUES(TRANS_SEQ.nextval,'Trans1','t423','L4','L2','2020/01/20 10:30:00','2020/01/20 14:40:00','일반',45,25400);

INSERT INTO TRANS_INFO
VALUES(TRANS_SEQ.nextval,'Trans1','t424','L4','L2','2020/01/20 12:00:00','2020/01/20 16:10:00','프리미엄',21,41800);
INSERT INTO TRANS_INFO
VALUES(TRANS_SEQ.nextval,'Trans1','t425','L4','L2','2020/01/20 12:00:00','2020/01/20 16:10:00','우등',28,37900);
INSERT INTO TRANS_INFO
VALUES(TRANS_SEQ.nextval,'Trans1','t426','L4','L2','2020/01/20 12:00:00','2020/01/20 16:10:00','일반',45,25400);

INSERT INTO TRANS_INFO
VALUES(TRANS_SEQ.nextval,'Trans1','t427','L4','L2','2020/01/20 18:00:00','2020/01/20 22:10:00','프리미엄',21,41800);
INSERT INTO TRANS_INFO
VALUES(TRANS_SEQ.nextval,'Trans1','t428','L4','L2','2020/01/20 18:00:00','2020/01/20 22:10:00','우등',28,37900);
INSERT INTO TRANS_INFO
VALUES(TRANS_SEQ.nextval,'Trans1','t429','L4','L2','2020/01/20 18:00:00','2020/01/20 22:10:00','일반',45,25400);

--2020/01/21
INSERT INTO TRANS_INFO
VALUES(TRANS_SEQ.nextval,'Trans1','t421','L4','L2','2020/01/21 10:30:00','2020/01/21 14:40:00','프리미엄',21,41800);
INSERT INTO TRANS_INFO
VALUES(TRANS_SEQ.nextval,'Trans1','t422','L4','L2','2020/01/21 10:30:00','2020/01/21 14:40:00','우등',28,37900);
INSERT INTO TRANS_INFO
VALUES(TRANS_SEQ.nextval,'Trans1','t423','L4','L2','2020/01/21 10:30:00','2020/01/21 14:40:00','일반',45,25400);

INSERT INTO TRANS_INFO
VALUES(TRANS_SEQ.nextval,'Trans1','t424','L4','L2','2020/01/21 12:00:00','2020/01/21 16:10:00','프리미엄',21,41800);
INSERT INTO TRANS_INFO
VALUES(TRANS_SEQ.nextval,'Trans1','t425','L4','L2','2020/01/21 12:00:00','2020/01/21 16:10:00','우등',28,37900);
INSERT INTO TRANS_INFO
VALUES(TRANS_SEQ.nextval,'Trans1','t426','L4','L2','2020/01/21 12:00:00','2020/01/21 16:10:00','일반',45,25400);

INSERT INTO TRANS_INFO
VALUES(TRANS_SEQ.nextval,'Trans1','t427','L4','L2','2020/01/21 18:00:00','2020/01/21 22:10:00','프리미엄',21,41800);
INSERT INTO TRANS_INFO
VALUES(TRANS_SEQ.nextval,'Trans1','t428','L4','L2','2020/01/21 18:00:00','2020/01/21 22:10:00','우등',28,37900);
INSERT INTO TRANS_INFO
VALUES(TRANS_SEQ.nextval,'Trans1','t429','L4','L2','2020/01/21 18:00:00','2020/01/21 22:10:00','일반',45,25400);

-- 인천->대구
-- 2020/01/20
INSERT INTO TRANS_INFO
VALUES(TRANS_SEQ.nextval,'Trans1','t431','L4','L3','2020/01/20 10:30:00','2020/01/20 14:10:00','프리미엄',21,32000);
INSERT INTO TRANS_INFO
VALUES(TRANS_SEQ.nextval,'Trans1','t432','L4','L3','2020/01/20 10:30:00','2020/01/20 14:10:00','우등',28,29100);
INSERT INTO TRANS_INFO
VALUES(TRANS_SEQ.nextval,'Trans1','t433','L4','L3','2020/01/20 10:30:00','2020/01/20 14:10:00','일반',45,19600);

INSERT INTO TRANS_INFO
VALUES(TRANS_SEQ.nextval,'Trans1','t434','L4','L3','2020/01/20 12:00:00','2020/01/20 15:40:00','프리미엄',21,32000);
INSERT INTO TRANS_INFO
VALUES(TRANS_SEQ.nextval,'Trans1','t435','L4','L3','2020/01/20 12:00:00','2020/01/20 15:40:00','우등',28,29100);
INSERT INTO TRANS_INFO
VALUES(TRANS_SEQ.nextval,'Trans1','t436','L4','L3','2020/01/20 12:00:00','2020/01/20 15:40:00','일반',45,19600);

INSERT INTO TRANS_INFO
VALUES(TRANS_SEQ.nextval,'Trans1','t437','L4','L3','2020/01/20 18:00:00','2020/01/20 21:40:00','프리미엄',21,32000);
INSERT INTO TRANS_INFO
VALUES(TRANS_SEQ.nextval,'Trans1','t438','L4','L3','2020/01/20 18:00:00','2020/01/20 21:40:00','우등',28,29100);
INSERT INTO TRANS_INFO
VALUES(TRANS_SEQ.nextval,'Trans1','t439','L4','L3','2020/01/20 18:00:00','2020/01/20 21:40:00','일반',45,19600);

-- 2020/01/21
INSERT INTO TRANS_INFO
VALUES(TRANS_SEQ.nextval,'Trans1','t431','L4','L3','2020/01/21 10:30:00','2020/01/21 14:10:00','프리미엄',21,32000);
INSERT INTO TRANS_INFO
VALUES(TRANS_SEQ.nextval,'Trans1','t432','L4','L3','2020/01/21 10:30:00','2020/01/21 14:10:00','우등',28,29100);
INSERT INTO TRANS_INFO
VALUES(TRANS_SEQ.nextval,'Trans1','t433','L4','L3','2020/01/21 10:30:00','2020/01/21 14:10:00','일반',45,19600);

INSERT INTO TRANS_INFO
VALUES(TRANS_SEQ.nextval,'Trans1','t434','L4','L3','2020/01/21 12:00:00','2020/01/21 15:40:00','프리미엄',21,32000);
INSERT INTO TRANS_INFO
VALUES(TRANS_SEQ.nextval,'Trans1','t435','L4','L3','2020/01/21 12:00:00','2020/01/21 15:40:00','우등',28,29100);
INSERT INTO TRANS_INFO
VALUES(TRANS_SEQ.nextval,'Trans1','t436','L4','L3','2020/01/21 12:00:00','2020/01/21 15:40:00','일반',45,19600);

INSERT INTO TRANS_INFO
VALUES(TRANS_SEQ.nextval,'Trans1','t437','L4','L3','2020/01/21 18:00:00','2020/01/21 21:40:00','프리미엄',21,32000);
INSERT INTO TRANS_INFO
VALUES(TRANS_SEQ.nextval,'Trans1','t438','L4','L3','2020/01/21 18:00:00','2020/01/21 21:40:00','우등',28,29100);
INSERT INTO TRANS_INFO
VALUES(TRANS_SEQ.nextval,'Trans1','t439','L4','L3','2020/01/21 18:00:00','2020/01/21 21:40:00','일반',45,19600);

-- 인천->광주
-- 2020/01/20
INSERT INTO TRANS_INFO
VALUES(TRANS_SEQ.nextval,'Trans1','t451','L4','L5','2020/01/20 10:30:00','2020/01/20 14:00:00','프리미엄',21,33200);
INSERT INTO TRANS_INFO
VALUES(TRANS_SEQ.nextval,'Trans1','t452','L4','L5','2020/01/20 10:30:00','2020/01/20 14:00:00','우등',28,30000);
INSERT INTO TRANS_INFO
VALUES(TRANS_SEQ.nextval,'Trans1','t453','L4','L5','2020/01/20 10:30:00','2020/01/20 14:00:00','일반',45,20200);

INSERT INTO TRANS_INFO
VALUES(TRANS_SEQ.nextval,'Trans1','t454','L4','L5','2020/01/20 12:00:00','2020/01/20 15:30:00','프리미엄',21,32000);
INSERT INTO TRANS_INFO
VALUES(TRANS_SEQ.nextval,'Trans1','t455','L4','L5','2020/01/20 12:00:00','2020/01/20 15:30:00','우등',28,29100);
INSERT INTO TRANS_INFO
VALUES(TRANS_SEQ.nextval,'Trans1','t456','L4','L5','2020/01/20 12:00:00','2020/01/20 15:30:00','일반',45,19600);

INSERT INTO TRANS_INFO
VALUES(TRANS_SEQ.nextval,'Trans1','t457','L4','L5','2020/01/20 18:00:00','2020/01/20 21:30:00','프리미엄',21,32000);
INSERT INTO TRANS_INFO
VALUES(TRANS_SEQ.nextval,'Trans1','t458','L4','L5','2020/01/20 18:00:00','2020/01/20 21:30:00','우등',28,29100);
INSERT INTO TRANS_INFO
VALUES(TRANS_SEQ.nextval,'Trans1','t459','L4','L5','2020/01/20 18:00:00','2020/01/20 21:30:00','일반',45,19600);

-- 2020/01/21
INSERT INTO TRANS_INFO
VALUES(TRANS_SEQ.nextval,'Trans1','t451','L4','L5','2020/01/21 10:30:00','2020/01/21 14:00:00','프리미엄',21,33200);
INSERT INTO TRANS_INFO
VALUES(TRANS_SEQ.nextval,'Trans1','t452','L4','L5','2020/01/21 10:30:00','2020/01/21 14:00:00','우등',28,30000);
INSERT INTO TRANS_INFO
VALUES(TRANS_SEQ.nextval,'Trans1','t453','L4','L5','2020/01/21 10:30:00','2020/01/21 14:00:00','일반',45,20200);

INSERT INTO TRANS_INFO
VALUES(TRANS_SEQ.nextval,'Trans1','t454','L4','L5','2020/01/21 12:00:00','2020/01/21 15:30:00','프리미엄',21,32000);
INSERT INTO TRANS_INFO
VALUES(TRANS_SEQ.nextval,'Trans1','t455','L4','L5','2020/01/21 12:00:00','2020/01/21 15:30:00','우등',28,29100);
INSERT INTO TRANS_INFO
VALUES(TRANS_SEQ.nextval,'Trans1','t456','L4','L5','2020/01/21 12:00:00','2020/01/21 15:30:00','일반',45,19600);

INSERT INTO TRANS_INFO
VALUES(TRANS_SEQ.nextval,'Trans1','t457','L4','L5','2020/01/21 18:00:00','2020/01/21 21:30:00','프리미엄',21,32000);
INSERT INTO TRANS_INFO
VALUES(TRANS_SEQ.nextval,'Trans1','t458','L4','L5','2020/01/21 18:00:00','2020/01/21 21:30:00','우등',28,29100);
INSERT INTO TRANS_INFO
VALUES(TRANS_SEQ.nextval,'Trans1','t459','L4','L5','2020/01/21 18:00:00','2020/01/21 21:30:00','일반',45,19600);

-- 인천->대전
-- 2020/01/20
INSERT INTO TRANS_INFO
VALUES(TRANS_SEQ.nextval,'Trans1','t461','L4','L6','2020/01/20 10:30:00','2020/01/20 12:30:00','프리미엄',21,18900);
INSERT INTO TRANS_INFO
VALUES(TRANS_SEQ.nextval,'Trans1','t462','L4','L6','2020/01/20 10:30:00','2020/01/20 12:30:00','우등',28,17100);
INSERT INTO TRANS_INFO
VALUES(TRANS_SEQ.nextval,'Trans1','t463','L4','L6','2020/01/20 10:30:00','2020/01/20 12:30:00','일반',45,11700);

INSERT INTO TRANS_INFO
VALUES(TRANS_SEQ.nextval,'Trans1','t464','L4','L6','2020/01/20 12:00:00','2020/01/20 14:00:00','프리미엄',21,18900);
INSERT INTO TRANS_INFO
VALUES(TRANS_SEQ.nextval,'Trans1','t465','L4','L6','2020/01/20 12:00:00','2020/01/20 14:00:00','우등',28,17100);
INSERT INTO TRANS_INFO
VALUES(TRANS_SEQ.nextval,'Trans1','t466','L4','L6','2020/01/20 12:00:00','2020/01/20 14:00:00','일반',45,11700);

INSERT INTO TRANS_INFO
VALUES(TRANS_SEQ.nextval,'Trans1','t467','L4','L6','2020/01/20 18:00:00','2020/01/20 20:00:00','프리미엄',21,18900);
INSERT INTO TRANS_INFO
VALUES(TRANS_SEQ.nextval,'Trans1','t468','L4','L6','2020/01/20 18:00:00','2020/01/20 20:00:00','우등',28,17100);
INSERT INTO TRANS_INFO
VALUES(TRANS_SEQ.nextval,'Trans1','t469','L4','L6','2020/01/20 18:00:00','2020/01/20 20:00:00','일반',45,11700);

-- 2020/01/21
INSERT INTO TRANS_INFO
VALUES(TRANS_SEQ.nextval,'Trans1','t461','L4','L6','2020/01/21 10:30:00','2020/01/21 12:30:00','프리미엄',21,18900);
INSERT INTO TRANS_INFO
VALUES(TRANS_SEQ.nextval,'Trans1','t462','L4','L6','2020/01/21 10:30:00','2020/01/21 12:30:00','우등',28,17100);
INSERT INTO TRANS_INFO
VALUES(TRANS_SEQ.nextval,'Trans1','t463','L4','L6','2020/01/21 10:30:00','2020/01/21 12:30:00','일반',45,11700);

INSERT INTO TRANS_INFO
VALUES(TRANS_SEQ.nextval,'Trans1','t464','L4','L6','2020/01/21 12:00:00','2020/01/21 14:00:00','프리미엄',21,18900);
INSERT INTO TRANS_INFO
VALUES(TRANS_SEQ.nextval,'Trans1','t465','L4','L6','2020/01/21 12:00:00','2020/01/21 14:00:00','우등',28,17100);
INSERT INTO TRANS_INFO
VALUES(TRANS_SEQ.nextval,'Trans1','t466','L4','L6','2020/01/21 12:00:00','2020/01/21 14:00:00','일반',45,11700);

INSERT INTO TRANS_INFO
VALUES(TRANS_SEQ.nextval,'Trans1','t467','L4','L6','2020/01/21 18:00:00','2020/01/21 20:00:00','프리미엄',21,18900);
INSERT INTO TRANS_INFO
VALUES(TRANS_SEQ.nextval,'Trans1','t468','L4','L6','2020/01/21 18:00:00','2020/01/21 20:00:00','우등',28,17100);
INSERT INTO TRANS_INFO
VALUES(TRANS_SEQ.nextval,'Trans1','t469','L4','L6','2020/01/21 18:00:00','2020/01/21 20:00:00','일반',45,11700);

-- 인천->울산
-- 2020/01/20
INSERT INTO TRANS_INFO
VALUES(TRANS_SEQ.nextval,'Trans1','t472','L4','L7','2020/01/20 10:30:00','2020/01/20 15:30:00','우등',28,38100);

INSERT INTO TRANS_INFO
VALUES(TRANS_SEQ.nextval,'Trans1','t475','L4','L7','2020/01/20 12:00:00','2020/01/20 17:00:00','우등',28,38100);

INSERT INTO TRANS_INFO
VALUES(TRANS_SEQ.nextval,'Trans1','t478','L4','L7','2020/01/20 18:00:00','2020/01/20 23:00:00','우등',28,38100);

-- 2020/01/21
INSERT INTO TRANS_INFO
VALUES(TRANS_SEQ.nextval,'Trans1','t472','L4','L7','2020/01/21 10:30:00','2020/01/21 15:30:00','우등',28,38100);

INSERT INTO TRANS_INFO
VALUES(TRANS_SEQ.nextval,'Trans1','t475','L4','L7','2020/01/21 12:00:00','2020/01/21 17:00:00','우등',28,38100);

INSERT INTO TRANS_INFO
VALUES(TRANS_SEQ.nextval,'Trans1','t478','L4','L7','2020/01/21 18:00:00','2020/01/21 23:00:00','우등',28,38100);


-- 광주->서울
-- 2020/01/20
INSERT INTO TRANS_INFO
VALUES(TRANS_SEQ.nextval,'Trans1','t511','L5','L1','2020/01/20 10:30:00','2020/01/20 13:50:00','프리미엄',21,31000);
INSERT INTO TRANS_INFO
VALUES(TRANS_SEQ.nextval,'Trans1','t512','L5','L1','2020/01/20 10:30:00','2020/01/20 13:50:00','우등',28,28100);
INSERT INTO TRANS_INFO
VALUES(TRANS_SEQ.nextval,'Trans1','t513','L5','L1','2020/01/20 10:30:00','2020/01/20 13:50:00','일반',45,19000);

INSERT INTO TRANS_INFO
VALUES(TRANS_SEQ.nextval,'Trans1','t514','L5','L1','2020/01/20 12:00:00','2020/01/20 15:20:00','프리미엄',21,31000);
INSERT INTO TRANS_INFO
VALUES(TRANS_SEQ.nextval,'Trans1','t515','L5','L1','2020/01/20 12:00:00','2020/01/20 15:20:00','우등',28,28100);
INSERT INTO TRANS_INFO
VALUES(TRANS_SEQ.nextval,'Trans1','t516','L5','L1','2020/01/20 12:00:00','2020/01/20 15:20:00','일반',45,19000);

INSERT INTO TRANS_INFO
VALUES(TRANS_SEQ.nextval,'Trans1','t517','L5','L1','2020/01/20 18:00:00','2020/01/20 21:20:00','프리미엄',21,31000);
INSERT INTO TRANS_INFO
VALUES(TRANS_SEQ.nextval,'Trans1','t518','L5','L1','2020/01/20 18:00:00','2020/01/20 21:20:00','우등',28,28100);
INSERT INTO TRANS_INFO
VALUES(TRANS_SEQ.nextval,'Trans1','t519','L5','L1','2020/01/20 18:00:00','2020/01/20 21:20:00','일반',45,19000);

--2020/01/21
INSERT INTO TRANS_INFO
VALUES(TRANS_SEQ.nextval,'Trans1','t511','L5','L1','2020/01/21 10:30:00','2020/01/21 13:50:00','프리미엄',21,31000);
INSERT INTO TRANS_INFO
VALUES(TRANS_SEQ.nextval,'Trans1','t512','L5','L1','2020/01/21 10:30:00','2020/01/21 13:50:00','우등',28,28100);
INSERT INTO TRANS_INFO
VALUES(TRANS_SEQ.nextval,'Trans1','t513','L5','L1','2020/01/21 10:30:00','2020/01/21 13:50:00','일반',45,19000);

INSERT INTO TRANS_INFO
VALUES(TRANS_SEQ.nextval,'Trans1','t514','L5','L1','2020/01/21 12:00:00','2020/01/21 15:20:00','프리미엄',21,31000);
INSERT INTO TRANS_INFO
VALUES(TRANS_SEQ.nextval,'Trans1','t515','L5','L1','2020/01/21 12:00:00','2020/01/21 15:20:00','우등',28,28100);
INSERT INTO TRANS_INFO
VALUES(TRANS_SEQ.nextval,'Trans1','t516','L5','L1','2020/01/21 12:00:00','2020/01/21 15:20:00','일반',45,19000);

INSERT INTO TRANS_INFO
VALUES(TRANS_SEQ.nextval,'Trans1','t517','L5','L1','2020/01/21 18:00:00','2020/01/21 21:20:00','프리미엄',21,31000);
INSERT INTO TRANS_INFO
VALUES(TRANS_SEQ.nextval,'Trans1','t518','L5','L1','2020/01/21 18:00:00','2020/01/21 21:20:00','우등',28,28100);
INSERT INTO TRANS_INFO
VALUES(TRANS_SEQ.nextval,'Trans1','t519','L5','L1','2020/01/21 18:00:00','2020/01/21 21:20:00','일반',45,19000);

-- 광주->부산
-- 2020/01/20
INSERT INTO TRANS_INFO
VALUES(TRANS_SEQ.nextval,'Trans1','t521','L5','L2','2020/01/20 10:30:00','2020/01/20 13:30:00','프리미엄',21,28700);
INSERT INTO TRANS_INFO
VALUES(TRANS_SEQ.nextval,'Trans1','t522','L5','L2','2020/01/20 10:30:00','2020/01/20 13:30:00','우등',28,26000);
INSERT INTO TRANS_INFO
VALUES(TRANS_SEQ.nextval,'Trans1','t523','L5','L2','2020/01/20 10:30:00','2020/01/20 13:30:00','일반',45,17600);

INSERT INTO TRANS_INFO
VALUES(TRANS_SEQ.nextval,'Trans1','t524','L5','L2','2020/01/20 12:00:00','2020/01/20 15:00:00','프리미엄',21,28700);
INSERT INTO TRANS_INFO
VALUES(TRANS_SEQ.nextval,'Trans1','t525','L5','L2','2020/01/20 12:00:00','2020/01/20 15:00:00','우등',28,26000);
INSERT INTO TRANS_INFO
VALUES(TRANS_SEQ.nextval,'Trans1','t526','L5','L2','2020/01/20 12:00:00','2020/01/20 15:00:00','일반',45,17600);

INSERT INTO TRANS_INFO
VALUES(TRANS_SEQ.nextval,'Trans1','t527','L5','L2','2020/01/20 18:00:00','2020/01/20 21:00:00','프리미엄',21,28700);
INSERT INTO TRANS_INFO
VALUES(TRANS_SEQ.nextval,'Trans1','t528','L5','L2','2020/01/20 18:00:00','2020/01/20 21:00:00','우등',28,26000);
INSERT INTO TRANS_INFO
VALUES(TRANS_SEQ.nextval,'Trans1','t529','L5','L2','2020/01/20 18:00:00','2020/01/20 21:00:00','일반',45,17600);

--2020/01/21
INSERT INTO TRANS_INFO
VALUES(TRANS_SEQ.nextval,'Trans1','t521','L5','L2','2020/01/21 10:30:00','2020/01/21 13:30:00','프리미엄',21,28700);
INSERT INTO TRANS_INFO
VALUES(TRANS_SEQ.nextval,'Trans1','t522','L5','L2','2020/01/21 10:30:00','2020/01/21 13:30:00','우등',28,26000);
INSERT INTO TRANS_INFO
VALUES(TRANS_SEQ.nextval,'Trans1','t523','L5','L2','2020/01/21 10:30:00','2020/01/21 13:30:00','일반',45,17600);

INSERT INTO TRANS_INFO
VALUES(TRANS_SEQ.nextval,'Trans1','t524','L5','L2','2020/01/21 12:00:00','2020/01/21 15:00:00','프리미엄',21,28700);
INSERT INTO TRANS_INFO
VALUES(TRANS_SEQ.nextval,'Trans1','t525','L5','L2','2020/01/21 12:00:00','2020/01/21 15:00:00','우등',28,26000);
INSERT INTO TRANS_INFO
VALUES(TRANS_SEQ.nextval,'Trans1','t526','L5','L2','2020/01/21 12:00:00','2020/01/21 15:00:00','일반',45,17600);

INSERT INTO TRANS_INFO
VALUES(TRANS_SEQ.nextval,'Trans1','t527','L5','L2','2020/01/21 18:00:00','2020/01/21 21:00:00','프리미엄',21,28700);
INSERT INTO TRANS_INFO
VALUES(TRANS_SEQ.nextval,'Trans1','t528','L5','L2','2020/01/21 18:00:00','2020/01/21 21:00:00','우등',28,26000);
INSERT INTO TRANS_INFO
VALUES(TRANS_SEQ.nextval,'Trans1','t529','L5','L2','2020/01/21 18:00:00','2020/01/21 21:00:00','일반',45,17600);

-- 광주->대구
-- 2020/01/20
INSERT INTO TRANS_INFO
VALUES(TRANS_SEQ.nextval,'Trans1','t531','L5','L3','2020/01/20 10:30:00','2020/01/20 13:30:00','프리미엄',21,23000);
INSERT INTO TRANS_INFO
VALUES(TRANS_SEQ.nextval,'Trans1','t532','L5','L3','2020/01/20 10:30:00','2020/01/20 13:30:00','우등',28,20800);
INSERT INTO TRANS_INFO
VALUES(TRANS_SEQ.nextval,'Trans1','t533','L5','L3','2020/01/20 10:30:00','2020/01/20 13:30:00','일반',45,14200);

INSERT INTO TRANS_INFO
VALUES(TRANS_SEQ.nextval,'Trans1','t534','L5','L3','2020/01/20 12:00:00','2020/01/20 15:00:00','프리미엄',21,23000);
INSERT INTO TRANS_INFO
VALUES(TRANS_SEQ.nextval,'Trans1','t535','L5','L3','2020/01/20 12:00:00','2020/01/20 15:00:00','우등',28,20800);
INSERT INTO TRANS_INFO
VALUES(TRANS_SEQ.nextval,'Trans1','t536','L5','L3','2020/01/20 12:00:00','2020/01/20 15:00:00','일반',45,14200);

INSERT INTO TRANS_INFO
VALUES(TRANS_SEQ.nextval,'Trans1','t537','L5','L3','2020/01/20 18:00:00','2020/01/20 21:00:00','프리미엄',21,23000);
INSERT INTO TRANS_INFO
VALUES(TRANS_SEQ.nextval,'Trans1','t538','L5','L3','2020/01/20 18:00:00','2020/01/20 21:00:00','우등',28,20800);
INSERT INTO TRANS_INFO
VALUES(TRANS_SEQ.nextval,'Trans1','t539','L5','L3','2020/01/20 18:00:00','2020/01/20 21:00:00','일반',45,14200);

--2020/01/21
INSERT INTO TRANS_INFO
VALUES(TRANS_SEQ.nextval,'Trans1','t531','L5','L3','2020/01/21 10:30:00','2020/01/21 13:30:00','프리미엄',21,23000);
INSERT INTO TRANS_INFO
VALUES(TRANS_SEQ.nextval,'Trans1','t532','L5','L3','2020/01/21 10:30:00','2020/01/21 13:30:00','우등',28,20800);
INSERT INTO TRANS_INFO
VALUES(TRANS_SEQ.nextval,'Trans1','t533','L5','L3','2020/01/21 10:30:00','2020/01/21 13:30:00','일반',45,14200);

INSERT INTO TRANS_INFO
VALUES(TRANS_SEQ.nextval,'Trans1','t534','L5','L3','2020/01/21 12:00:00','2020/01/21 15:00:00','프리미엄',21,23000);
INSERT INTO TRANS_INFO
VALUES(TRANS_SEQ.nextval,'Trans1','t535','L5','L3','2020/01/21 12:00:00','2020/01/21 15:00:00','우등',28,20800);
INSERT INTO TRANS_INFO
VALUES(TRANS_SEQ.nextval,'Trans1','t536','L5','L3','2020/01/21 12:00:00','2020/01/21 15:00:00','일반',45,14200);

INSERT INTO TRANS_INFO
VALUES(TRANS_SEQ.nextval,'Trans1','t537','L5','L3','2020/01/21 18:00:00','2020/01/21 21:00:00','프리미엄',21,23000);
INSERT INTO TRANS_INFO
VALUES(TRANS_SEQ.nextval,'Trans1','t538','L5','L3','2020/01/21 18:00:00','2020/01/21 21:00:00','우등',28,20800);
INSERT INTO TRANS_INFO
VALUES(TRANS_SEQ.nextval,'Trans1','t539','L5','L3','2020/01/21 18:00:00','2020/01/21 21:00:00','일반',45,14200);

-- 광주->인천
-- 2020/01/20
INSERT INTO TRANS_INFO
VALUES(TRANS_SEQ.nextval,'Trans1','t541','L5','L4','2020/01/20 10:30:00','2020/01/20 14:00:00','프리미엄',21,33200);
INSERT INTO TRANS_INFO
VALUES(TRANS_SEQ.nextval,'Trans1','t542','L5','L4','2020/01/20 10:30:00','2020/01/20 14:00:00','우등',28,30000);
INSERT INTO TRANS_INFO
VALUES(TRANS_SEQ.nextval,'Trans1','t543','L5','L4','2020/01/20 10:30:00','2020/01/20 14:00:00','일반',45,20200);

INSERT INTO TRANS_INFO
VALUES(TRANS_SEQ.nextval,'Trans1','t544','L5','L4','2020/01/20 12:00:00','2020/01/20 15:30:00','프리미엄',21,32000);
INSERT INTO TRANS_INFO
VALUES(TRANS_SEQ.nextval,'Trans1','t545','L5','L4','2020/01/20 12:00:00','2020/01/20 15:30:00','우등',28,29100);
INSERT INTO TRANS_INFO
VALUES(TRANS_SEQ.nextval,'Trans1','t546','L5','L4','2020/01/20 12:00:00','2020/01/20 15:30:00','일반',45,19600);

INSERT INTO TRANS_INFO
VALUES(TRANS_SEQ.nextval,'Trans1','t547','L5','L4','2020/01/20 18:00:00','2020/01/20 21:30:00','프리미엄',21,32000);
INSERT INTO TRANS_INFO
VALUES(TRANS_SEQ.nextval,'Trans1','t548','L5','L4','2020/01/20 18:00:00','2020/01/20 21:30:00','우등',28,29100);
INSERT INTO TRANS_INFO
VALUES(TRANS_SEQ.nextval,'Trans1','t549','L5','L4','2020/01/20 18:00:00','2020/01/20 21:30:00','일반',45,19600);

-- 2020/01/21
INSERT INTO TRANS_INFO
VALUES(TRANS_SEQ.nextval,'Trans1','t541','L5','L4','2020/01/21 10:30:00','2020/01/21 14:00:00','프리미엄',21,33200);
INSERT INTO TRANS_INFO
VALUES(TRANS_SEQ.nextval,'Trans1','t542','L5','L4','2020/01/21 10:30:00','2020/01/21 14:00:00','우등',28,30000);
INSERT INTO TRANS_INFO
VALUES(TRANS_SEQ.nextval,'Trans1','t543','L5','L4','2020/01/21 10:30:00','2020/01/21 14:00:00','일반',45,20200);

INSERT INTO TRANS_INFO
VALUES(TRANS_SEQ.nextval,'Trans1','t544','L5','L4','2020/01/21 12:00:00','2020/01/21 15:30:00','프리미엄',21,32000);
INSERT INTO TRANS_INFO
VALUES(TRANS_SEQ.nextval,'Trans1','t545','L5','L4','2020/01/21 12:00:00','2020/01/21 15:30:00','우등',28,29100);
INSERT INTO TRANS_INFO
VALUES(TRANS_SEQ.nextval,'Trans1','t546','L5','L4','2020/01/21 12:00:00','2020/01/21 15:30:00','일반',45,19600);

INSERT INTO TRANS_INFO
VALUES(TRANS_SEQ.nextval,'Trans1','t547','L5','L4','2020/01/21 18:00:00','2020/01/21 21:30:00','프리미엄',21,32000);
INSERT INTO TRANS_INFO
VALUES(TRANS_SEQ.nextval,'Trans1','t548','L5','L4','2020/01/21 18:00:00','2020/01/21 21:30:00','우등',28,29100);
INSERT INTO TRANS_INFO
VALUES(TRANS_SEQ.nextval,'Trans1','t549','L5','L4','2020/01/21 18:00:00','2020/01/21 21:30:00','일반',45,19600);


-- 대전->서울
-- 2020/01/20
INSERT INTO TRANS_INFO
VALUES(TRANS_SEQ.nextval,'Trans1','t611','L6','L1','2020/01/20 10:30:00','2020/01/20 12:30:00','프리미엄',21,20000);
INSERT INTO TRANS_INFO
VALUES(TRANS_SEQ.nextval,'Trans1','t612','L6','L1','2020/01/20 10:30:00','2020/01/20 12:30:00','우등',28,14300);
INSERT INTO TRANS_INFO
VALUES(TRANS_SEQ.nextval,'Trans1','t613','L6','L1','2020/01/20 10:30:00','2020/01/20 12:30:00','일반',45,11400);

INSERT INTO TRANS_INFO
VALUES(TRANS_SEQ.nextval,'Trans1','t614','L6','L1','2020/01/20 12:00:00','2020/01/20 14:00:00','프리미엄',21,20000);
INSERT INTO TRANS_INFO
VALUES(TRANS_SEQ.nextval,'Trans1','t615','L6','L1','2020/01/20 12:00:00','2020/01/20 14:00:00','우등',28,14300);
INSERT INTO TRANS_INFO
VALUES(TRANS_SEQ.nextval,'Trans1','t616','L6','L1','2020/01/20 12:00:00','2020/01/20 14:00:00','일반',45,11400);

INSERT INTO TRANS_INFO
VALUES(TRANS_SEQ.nextval,'Trans1','t617','L6','L1','2020/01/20 18:00:00','2020/01/20 20:00:00','프리미엄',21,20000);
INSERT INTO TRANS_INFO
VALUES(TRANS_SEQ.nextval,'Trans1','t618','L6','L1','2020/01/20 18:00:00','2020/01/20 20:00:00','우등',28,14300);
INSERT INTO TRANS_INFO
VALUES(TRANS_SEQ.nextval,'Trans1','t619','L6','L1','2020/01/20 18:00:00','2020/01/20 20:00:00','일반',45,11400);

--2020/01/21
INSERT INTO TRANS_INFO
VALUES(TRANS_SEQ.nextval,'Trans1','t611','L6','L1','2020/01/21 10:30:00','2020/01/21 12:30:00','프리미엄',21,20000);
INSERT INTO TRANS_INFO
VALUES(TRANS_SEQ.nextval,'Trans1','t612','L6','L1','2020/01/21 10:30:00','2020/01/21 12:30:00','우등',28,14300);
INSERT INTO TRANS_INFO
VALUES(TRANS_SEQ.nextval,'Trans1','t613','L6','L1','2020/01/21 10:30:00','2020/01/21 12:30:00','일반',45,11400);

INSERT INTO TRANS_INFO
VALUES(TRANS_SEQ.nextval,'Trans1','t614','L6','L1','2020/01/21 12:00:00','2020/01/20 14:00:00','프리미엄',21,20000);
INSERT INTO TRANS_INFO
VALUES(TRANS_SEQ.nextval,'Trans1','t615','L6','L1','2020/01/21 12:00:00','2020/01/20 14:00:00','우등',28,14300);
INSERT INTO TRANS_INFO
VALUES(TRANS_SEQ.nextval,'Trans1','t616','L6','L1','2020/01/21 12:00:00','2020/01/20 14:00:00','일반',45,11400);

INSERT INTO TRANS_INFO
VALUES(TRANS_SEQ.nextval,'Trans1','t617','L6','L1','2020/01/21 18:00:00','2020/01/21 20:00:00','프리미엄',21,20000);
INSERT INTO TRANS_INFO
VALUES(TRANS_SEQ.nextval,'Trans1','t618','L6','L1','2020/01/21 18:00:00','2020/01/21 20:00:00','우등',28,14300);
INSERT INTO TRANS_INFO
VALUES(TRANS_SEQ.nextval,'Trans1','t619','L6','L1','2020/01/21 18:00:00','2020/01/21 20:00:00','일반',45,11400);

-- 울산->서울
-- 2020/01/20
INSERT INTO TRANS_INFO
VALUES(TRANS_SEQ.nextval,'Trans1','t711','L7','L1','2020/01/20 10:30:00','2020/01/20 14:40:00','프리미엄',21,38300);
INSERT INTO TRANS_INFO
VALUES(TRANS_SEQ.nextval,'Trans1','t712','L7','L1','2020/01/20 10:30:00','2020/01/20 14:40:00','우등',28,34700);
INSERT INTO TRANS_INFO
VALUES(TRANS_SEQ.nextval,'Trans1','t713','L7','L1','2020/01/20 10:30:00','2020/01/20 14:40:00','일반',45,23300);

INSERT INTO TRANS_INFO
VALUES(TRANS_SEQ.nextval,'Trans1','t714','L7','L1','2020/01/20 12:00:00','2020/01/20 16:10:00','프리미엄',21,38300);
INSERT INTO TRANS_INFO
VALUES(TRANS_SEQ.nextval,'Trans1','t715','L7','L1','2020/01/20 12:00:00','2020/01/20 16:10:00','우등',28,34700);
INSERT INTO TRANS_INFO
VALUES(TRANS_SEQ.nextval,'Trans1','t716','L7','L1','2020/01/20 12:00:00','2020/01/20 16:10:00','일반',45,23300);

INSERT INTO TRANS_INFO
VALUES(TRANS_SEQ.nextval,'Trans1','t717','L7','L1','2020/01/20 18:00:00','2020/01/20 22:10:00','프리미엄',21,38300);
INSERT INTO TRANS_INFO
VALUES(TRANS_SEQ.nextval,'Trans1','t718','L7','L1','2020/01/20 18:00:00','2020/01/20 22:10:00','우등',28,34700);
INSERT INTO TRANS_INFO
VALUES(TRANS_SEQ.nextval,'Trans1','t719','L7','L1','2020/01/20 18:00:00','2020/01/20 22:10:00','일반',45,23300);

--2020/01/21
INSERT INTO TRANS_INFO
VALUES(TRANS_SEQ.nextval,'Trans1','t711','L7','L1','2020/01/21 10:30:00','2020/01/21 14:40:00','프리미엄',21,38300);
INSERT INTO TRANS_INFO
VALUES(TRANS_SEQ.nextval,'Trans1','t712','L7','L1','2020/01/21 10:30:00','2020/01/21 14:40:00','우등',28,34700);
INSERT INTO TRANS_INFO
VALUES(TRANS_SEQ.nextval,'Trans1','t713','L7','L1','2020/01/21 10:30:00','2020/01/21 14:40:00','일반',45,23300);

INSERT INTO TRANS_INFO
VALUES(TRANS_SEQ.nextval,'Trans1','t714','L7','L1','2020/01/21 12:00:00','2020/01/21 16:10:00','프리미엄',21,38300);
INSERT INTO TRANS_INFO
VALUES(TRANS_SEQ.nextval,'Trans1','t715','L7','L1','2020/01/21 12:00:00','2020/01/21 16:10:00','우등',28,34700);
INSERT INTO TRANS_INFO
VALUES(TRANS_SEQ.nextval,'Trans1','t716','L7','L1','2020/01/21 12:00:00','2020/01/21 16:10:00','일반',45,23300);

INSERT INTO TRANS_INFO
VALUES(TRANS_SEQ.nextval,'Trans1','t717','L7','L1','2020/01/21 18:00:00','2020/01/21 22:10:00','프리미엄',21,38300);
INSERT INTO TRANS_INFO
VALUES(TRANS_SEQ.nextval,'Trans1','t718','L7','L1','2020/01/21 18:00:00','2020/01/21 22:10:00','우등',28,34700);
INSERT INTO TRANS_INFO
VALUES(TRANS_SEQ.nextval,'Trans1','t719','L7','L1','2020/01/21 18:00:00','2020/01/21 22:10:00','일반',45,23300);




-- 기차 테이블
-- 서울->부산
INSERT INTO TRANS_INFO
VALUES(TRANS_SEQ.nextval,'Trans2','tr121','L1','L2','2020/01/20 10:30:00','2020/01/20 13:30:00','KTX',700,59800);
INSERT INTO TRANS_INFO
VALUES(TRANS_SEQ.nextval,'Trans2','tr122','L1','L2','2020/01/20 10:30:00','2020/01/20 15:00:00','ITX',300,42600);

INSERT INTO TRANS_INFO
VALUES(TRANS_SEQ.nextval,'Trans2','tr124','L1','L2','2020/01/20 12:00:00','2020/01/20 14:42:00','KTX',700,59800);
INSERT INTO TRANS_INFO
VALUES(TRANS_SEQ.nextval,'Trans2','tr125','L1','L2','2020/01/20 12:00:00','2020/01/20 16:30:00','ITX',300,42600);

-- 2020/01/21
INSERT INTO TRANS_INFO
VALUES(TRANS_SEQ.nextval,'Trans2','tr123','L1','L2','2020/01/21 10:30:00','2020/01/21 13:30:00','KTX',700,59800);
INSERT INTO TRANS_INFO
VALUES(TRANS_SEQ.nextval,'Trans2','tr122','L1','L2','2020/01/21 10:30:00','2020/01/21 15:00:00','ITX',300,42600);

INSERT INTO TRANS_INFO
VALUES(TRANS_SEQ.nextval,'Trans2','tr124','L1','L2','2020/01/21 12:00:00','2020/01/21 14:42:00','KTX',700,59800);
INSERT INTO TRANS_INFO
VALUES(TRANS_SEQ.nextval,'Trans2','tr125','L1','L2','2020/01/21 12:00:00','2020/01/21 16:30:00','ITX',300,42600);


-- 서울->대구
-- 2020/01/20
INSERT INTO TRANS_INFO
VALUES(TRANS_SEQ.nextval,'Trans2','tr131','L1','L3','2020/01/20 10:30:00','2020/01/20 12:24:00','KTX',700,43500);
INSERT INTO TRANS_INFO
VALUES(TRANS_SEQ.nextval,'Trans2','trr132','L1','L3','2020/01/20 10:30:00','2020/01/20 14:00:00','ITX',300,31400);

INSERT INTO TRANS_INFO
VALUES(TRANS_SEQ.nextval,'Trans2','tr134','L1','L3','2020/01/20 12:00:00','2020/01/20 14:00:00','KTX',700,43500);
INSERT INTO TRANS_INFO
VALUES(TRANS_SEQ.nextval,'Trans2','tr135','L1','L3','2020/01/20 12:00:00','2020/01/20 15:30:00','ITX',300,31400);

--2020/01/21
INSERT INTO TRANS_INFO
VALUES(TRANS_SEQ.nextval,'Trans2','tr131','L1','L3','2020/01/21 10:30:00','2020/01/21 12:24:00','KTX',700,43500);
INSERT INTO TRANS_INFO
VALUES(TRANS_SEQ.nextval,'Trans2','tr132','L1','L3','2020/01/21 10:30:00','2020/01/21 14:00:00','ITX',300,31400);

INSERT INTO TRANS_INFO
VALUES(TRANS_SEQ.nextval,'Trans2','tr134','L1','L3','2020/01/21 12:00:00','2020/01/21 14:00:00','KTX',700,43500);
INSERT INTO TRANS_INFO
VALUES(TRANS_SEQ.nextval,'Trans2','tr135','L1','L3','2020/01/21 12:00:00','2020/01/21 15:30:00','ITX',300,31400);

-- 서울->광주
-- 2020/01/20
INSERT INTO TRANS_INFO
VALUES(TRANS_SEQ.nextval,'Trans2','tr151','L1','L5','2020/01/20 10:30:00','2020/01/20 12:23:00','KTX',700,46800);
INSERT INTO TRANS_INFO
VALUES(TRANS_SEQ.nextval,'Trans2','tr152','L1','L5','2020/01/20 10:30:00','2020/01/20 14:23:00','ITX',300,33100);

INSERT INTO TRANS_INFO
VALUES(TRANS_SEQ.nextval,'Trans2','tr154','L1','L5','2020/01/20 12:00:00','2020/01/20 13:53:00','KTX',700,46800);
INSERT INTO TRANS_INFO
VALUES(TRANS_SEQ.nextval,'Trans2','tr155','L1','L5','2020/01/20 12:00:00','2020/01/20 15:55:00','ITX',300,33100);

--2020/01/21
INSERT INTO TRANS_INFO
VALUES(TRANS_SEQ.nextval,'Trans2','tr151','L1','L5','2020/01/21 10:30:00','2020/01/21 12:23:00','KTX',700,46800);
INSERT INTO TRANS_INFO
VALUES(TRANS_SEQ.nextval,'Trans2','tr152','L1','L5','2020/01/21 10:30:00','2020/01/21 14:23:00','ITX',300,33100);

INSERT INTO TRANS_INFO
VALUES(TRANS_SEQ.nextval,'Trans2','tr154','L1','L5','2020/01/21 12:00:00','2020/01/21 13:53:00','KTX',700,46800);
INSERT INTO TRANS_INFO
VALUES(TRANS_SEQ.nextval,'Trans2','tr155','L1','L5','2020/01/21 12:00:00','2020/01/21 15:55:00','ITX',300,33100);

-- 부산->서울
-- 2020/01/20
INSERT INTO TRANS_INFO
VALUES(TRANS_SEQ.nextval,'Trans2','tr211','L2','L1','2020/01/20 10:30:00','2020/01/20 13:30:00','KTX',700,59800);
INSERT INTO TRANS_INFO
VALUES(TRANS_SEQ.nextval,'Trans2','tr212','L2','L1','2020/01/20 10:30:00','2020/01/20 15:00:00','ITX',300,42600);

INSERT INTO TRANS_INFO
VALUES(TRANS_SEQ.nextval,'Trans2','tr214','L2','L1','2020/01/20 12:00:00','2020/01/20 14:42:00','KTX',700,59800);
INSERT INTO TRANS_INFO
VALUES(TRANS_SEQ.nextval,'Trans2','tr215','L2','L1','2020/01/20 12:00:00','2020/01/20 16:30:00','ITX',300,42600);

-- 2020/01/21
INSERT INTO TRANS_INFO
VALUES(TRANS_SEQ.nextval,'Trans2','tr211','L2','L1','2020/01/21 10:30:00','2020/01/21 13:30:00','KTX',700,59800);
INSERT INTO TRANS_INFO
VALUES(TRANS_SEQ.nextval,'Trans2','tr212','L2','L1','2020/01/21 10:30:00','2020/01/21 15:00:00','ITX',300,42600);

INSERT INTO TRANS_INFO
VALUES(TRANS_SEQ.nextval,'Trans2','tr214','L2','L1','2020/01/21 12:00:00','2020/01/21 14:42:00','KTX',700,59800);
INSERT INTO TRANS_INFO
VALUES(TRANS_SEQ.nextval,'Trans2','tr215','L2','L1','2020/01/21 12:00:00','2020/01/21 16:30:00','ITX',300,42600);

-- 대구->서울
-- 2020/01/20
INSERT INTO TRANS_INFO
VALUES(TRANS_SEQ.nextval,'Trans2','tr311','L3','L1','2020/01/20 10:30:00','2020/01/20 12:24:00','KTX',700,43500);
INSERT INTO TRANS_INFO
VALUES(TRANS_SEQ.nextval,'Trans2','tr312','L3','L1','2020/01/20 10:30:00','2020/01/20 14:00:00','ITX',300,31400);

INSERT INTO TRANS_INFO
VALUES(TRANS_SEQ.nextval,'Trans2','tr314','L3','L1','2020/01/20 12:00:00','2020/01/20 14:00:00','KTX',700,43500);
INSERT INTO TRANS_INFO
VALUES(TRANS_SEQ.nextval,'Trans2','tr315','L3','L1','2020/01/20 12:00:00','2020/01/20 15:30:00','ITX',300,31400);

-- 2020/01/21
INSERT INTO TRANS_INFO
VALUES(TRANS_SEQ.nextval,'Trans2','tr311','L3','L1','2020/01/21 10:30:00','2020/01/21 12:24:00','KTX',700,43500);
INSERT INTO TRANS_INFO
VALUES(TRANS_SEQ.nextval,'Trans2','tr312','L3','L1','2020/01/21 10:30:00','2020/01/21 14:00:00','ITX',300,31400);

INSERT INTO TRANS_INFO
VALUES(TRANS_SEQ.nextval,'Trans2','tr314','L3','L1','2020/01/21 12:00:00','2020/01/21 14:00:00','KTX',700,43500);
INSERT INTO TRANS_INFO
VALUES(TRANS_SEQ.nextval,'Trans2','tr315','L3','L1','2020/01/21 12:00:00','2020/01/21 15:30:00','ITX',300,31400);

-- 광주->서울
-- 2020/01/20
INSERT INTO TRANS_INFO
VALUES(TRANS_SEQ.nextval,'Trans2','tr511','L5','L1','2020/01/20 10:30:00','2020/01/20 12:23:00','KTX',700,46800);
INSERT INTO TRANS_INFO
VALUES(TRANS_SEQ.nextval,'Trans2','tr512','L5','L1','2020/01/20 10:30:00','2020/01/20 14:23:00','ITX',300,33100);

INSERT INTO TRANS_INFO
VALUES(TRANS_SEQ.nextval,'Trans2','tr514','L5','L1','2020/01/20 12:00:00','2020/01/20 13:53:00','KTX',700,46800);
INSERT INTO TRANS_INFO
VALUES(TRANS_SEQ.nextval,'Trans2','tr515','L5','L1','2020/01/20 12:00:00','2020/01/20 15:55:00','ITX',300,33100);

--2020/01/21
INSERT INTO TRANS_INFO
VALUES(TRANS_SEQ.nextval,'Trans2','tr511','L5','L1','2020/01/21 10:30:00','2020/01/21 12:23:00','KTX',700,46800);
INSERT INTO TRANS_INFO
VALUES(TRANS_SEQ.nextval,'Trans2','tr512','L5','L1','2020/01/21 10:30:00','2020/01/21 14:23:00','ITX',300,33100);

INSERT INTO TRANS_INFO
VALUES(TRANS_SEQ.nextval,'Trans2','tr514','L5','L1','2020/01/21 12:00:00','2020/01/21 13:53:00','KTX',700,46800);
INSERT INTO TRANS_INFO
VALUES(TRANS_SEQ.nextval,'Trans2','tr515','L5','L1','2020/01/21 12:00:00','2020/01/21 15:55:00','ITX',300,33100);


-- 대전->서울
-- 2020/01/20
INSERT INTO TRANS_INFO
VALUES(TRANS_SEQ.nextval,'Trans2','tr611','L6','L1','2020/01/20 10:30:00','2020/01/20 11:29:00','KTX',700,23700);
INSERT INTO TRANS_INFO
VALUES(TRANS_SEQ.nextval,'Trans2','tr612','L6','L1','2020/01/20 10:30:00','2020/01/20 12:10:00','ITX',300,16000);

INSERT INTO TRANS_INFO
VALUES(TRANS_SEQ.nextval,'Trans2','tr614','L6','L1','2020/01/20 12:00:00','2020/01/20 12:59:00','KTX',700,23700);
INSERT INTO TRANS_INFO
VALUES(TRANS_SEQ.nextval,'Trans2','tr615','L6','L1','2020/01/20 12:00:00','2020/01/20 13:40:00','ITX',300,16000);

--2020/01/21
INSERT INTO TRANS_INFO
VALUES(TRANS_SEQ.nextval,'Trans2','tr611','L6','L1','2020/01/21 10:30:00','2020/01/21 11:29:00','KTX',700,23700);
INSERT INTO TRANS_INFO
VALUES(TRANS_SEQ.nextval,'Trans2','tr612','L6','L1','2020/01/21 10:30:00','2020/01/21 12:10:00','ITX',300,16000);

INSERT INTO TRANS_INFO
VALUES(TRANS_SEQ.nextval,'Trans2','tr614','L6','L1','2020/01/21 12:00:00','2020/01/21 12:59:00','KTX',700,23700);
INSERT INTO TRANS_INFO
VALUES(TRANS_SEQ.nextval,'Trans2','tr615','L6','L1','2020/01/21 12:00:00','2020/01/21 13:40:00','ITX',300,16000);

-- 울산->서울
-- 2020/01/20
INSERT INTO TRANS_INFO
VALUES(TRANS_SEQ.nextval,'Trans2','tr711','L7','L1','2020/01/20 10:30:00','2020/01/20 12:45:00','KTX',700,53500);

--2020/01/21
INSERT INTO TRANS_INFO
VALUES(TRANS_SEQ.nextval,'Trans2','tr711','L7','L1','2020/01/21 10:30:00','2020/01/21 12:45:00','KTX',700,53500);

-- 예매 현황 데이터 삽입
-- 샘플 데이터
INSERT INTO BOOK
VALUES('booking0','test1','L1','L2',2,'2020/01/01 12:00:00','2020/01/01 15:30:00',1,1000,sysdate);
